[Licensing::Module] Trying to connect to existing licensing client channel...
Built from '6000.0/staging' branch; Version is '6000.0.62f1 (f99f05b3e950) revision 16359173'; Using compiler version '193933523'; Build Type 'Release'
OS: 'Windows 11  (10.0.26200) 64bit Core' Language: 'es' Physical Memory: 8006 MB
[Licensing::IpcConnector] Successfully connected to: "LicenseClient-arnau" at "2026-03-25T07:56:51.8678339Z"
BatchMode: 1, IsHumanControllingUs: 0, StartBugReporterOnCrash: 0, Is64bit: 1
Date: 2026-03-25T07:56:51Z

COMMAND LINE ARGUMENTS:
C:\Program Files\Unity\Hub\Editor\6000.0.62f1\Editor\Unity.exe
-adb2
-batchMode
-noUpm
-name
AssetImportWorker1
-projectPath
C:/Users/arnau/Desktop/Todo/2DAM/Projecte/github/tr3-joc-dawtr3gminiheroes/main/MiniHeroes2D
-logFile
Logs/AssetImportWorker1.log
-srvPort
65220
-job-worker-count
3
-background-job-worker-count
8
-gc-helper-count
1
-name
AssetImport
Successfully changed project path to: C:/Users/arnau/Desktop/Todo/2DAM/Projecte/github/tr3-joc-dawtr3gminiheroes/main/MiniHeroes2D
C:/Users/arnau/Desktop/Todo/2DAM/Projecte/github/tr3-joc-dawtr3gminiheroes/main/MiniHeroes2D
[UnityMemory] Configuration Parameters - Can be set up in boot.config
    "memorysetup-bucket-allocator-granularity=16"
    "memorysetup-bucket-allocator-bucket-count=8"
    "memorysetup-bucket-allocator-block-size=33554432"
    "memorysetup-bucket-allocator-block-count=8"
    "memorysetup-main-allocator-block-size=16777216"
    "memorysetup-thread-allocator-block-size=16777216"
    "memorysetup-gfx-main-allocator-block-size=16777216"
    "memorysetup-gfx-thread-allocator-block-size=16777216"
    "memorysetup-cache-allocator-block-size=4194304"
    "memorysetup-typetree-allocator-block-size=2097152"
    "memorysetup-profiler-bucket-allocator-granularity=16"
    "memorysetup-profiler-bucket-allocator-bucket-count=8"
    "memorysetup-profiler-bucket-allocator-block-size=33554432"
    "memorysetup-profiler-bucket-allocator-block-count=8"
    "memorysetup-profiler-allocator-block-size=16777216"
    "memorysetup-profiler-editor-allocator-block-size=1048576"
    "memorysetup-temp-allocator-size-main=16777216"
    "memorysetup-job-temp-allocator-block-size=2097152"
    "memorysetup-job-temp-allocator-block-size-background=1048576"
    "memorysetup-job-temp-allocator-reduction-small-platforms=262144"
    "memorysetup-allocator-temp-initial-block-size-main=262144"
    "memorysetup-allocator-temp-initial-block-size-worker=262144"
    "memorysetup-temp-allocator-size-background-worker=32768"
    "memorysetup-temp-allocator-size-job-worker=262144"
    "memorysetup-temp-allocator-size-preload-manager=33554432"
    "memorysetup-temp-allocator-size-nav-mesh-worker=65536"
    "memorysetup-temp-allocator-size-audio-worker=65536"
    "memorysetup-temp-allocator-size-cloud-worker=32768"
    "memorysetup-temp-allocator-size-gi-baking-worker=262144"
    "memorysetup-temp-allocator-size-gi-baking-worker=262144"
    "memorysetup-temp-allocator-size-gi-baking-worker=262144"
    "memorysetup-temp-allocator-size-gi-baking-worker=262144"
    "memorysetup-temp-allocator-size-gi-baking-worker=262144"
    "memorysetup-temp-allocator-size-gfx=262144"
Player connection [12804]  Target information:

Player connection [12804]  * "[IP] 192.168.18.147 [Port] 0 [Flags] 2 [Guid] 795441181 [EditorId] 795441181 [Version] 1048832 [Id] WindowsEditor(7,ASUS-APM) [Debug] 1 [PackageName] WindowsEditor [ProjectName] Editor" 

Player connection [12804] Host joined multi-casting on [225.0.0.222:54997]...
Player connection [12804] Host joined alternative multi-casting on [225.0.0.222:34997]...
JobSystem: Creating JobQueue using job-worker-count value 3
Input System module state changed to: Initialized.
[Physics::Module] Initialized fallback backend.
[Physics::Module] Id: 0xdecafbad
Library Redirect Path: Library/
[Licensing::Client] Code 10 while verifying Licensing Client signature (process Id: 4720, path: "C:/Program Files/Unity/Hub/Editor/6000.0.62f1/Editor/Data/Resources/Licensing/Client/Unity.Licensing.Client.exe")
[Licensing::Module] LicensingClient has failed validation; ignoring
[Licensing::Client] Handshaking with LicensingClient:
  Version:                 1.17.2+ff71f16
  Session Id:              42c04f71f8fa4fb5a357a4c5c38308dc
  Correlation Id:          38396e8faee801e8b97fec96b388a475
  External correlation Id: 9025328563974935770
  Machine Id:              tj65Ind+sGDXP892CM3TU9VxCdQ=
[Licensing::Module] Successfully connected to LicensingClient on channel: "LicenseClient-arnau" (connect: 0.00s, validation: 0.01s, handshake: 0.29s)
[Licensing::IpcConnector] Successfully connected to: "LicenseClient-arnau-notifications" at "2026-03-25T07:56:52.1719687Z"
[Licensing::Module] Licensing Background thread has ended after 0.30s
[Physics::Module] Selected backend.
[Physics::Module] Name: PhysX
[Physics::Module] Id: 0xf2b8ea05
[Physics::Module] SDK Version: 4.1.2
[Physics::Module] Integration Version: 1.0.0
[Physics::Module] Threading Mode: Multi-Threaded
Refreshing native plugins compatible for Editor in 416.44 ms, found 4 plugins.
Preloading 0 native plugins for Editor in 0.00 ms.
Initialize engine version: 6000.0.62f1 (f99f05b3e950)
[Subsystems] Discovering subsystems at path C:/Program Files/Unity/Hub/Editor/6000.0.62f1/Editor/Data/Resources/UnitySubsystems
[Subsystems] Discovering subsystems at path C:/Users/arnau/Desktop/Todo/2DAM/Projecte/github/tr3-joc-dawtr3gminiheroes/main/MiniHeroes2D/Assets
GfxDevice: creating device client; kGfxThreadingModeNonThreaded
Direct3D:
    Version:  Direct3D 11.0 [level 11.1]
    Renderer: Intel(R) UHD Graphics 620 (ID=0x3ea0)
    Vendor:   Intel
    VRAM:     4003 MB
    Driver:   27.20.100.8681
Initialize mono
Mono path[0] = 'C:/Program Files/Unity/Hub/Editor/6000.0.62f1/Editor/Data/Managed'
Mono path[1] = 'C:/Program Files/Unity/Hub/Editor/6000.0.62f1/Editor/Data/MonoBleedingEdge/lib/mono/unityjit-win32'
Mono config path = 'C:/Program Files/Unity/Hub/Editor/6000.0.62f1/Editor/Data/MonoBleedingEdge/etc'
Using monoOptions --debugger-agent=transport=dt_socket,embedding=1,server=y,suspend=n,address=127.0.0.1:56968
Begin MonoManager ReloadAssembly
Registering precompiled unity dll's ...
Register platform support module: C:/Program Files/Unity/Hub/Editor/6000.0.62f1/Editor/Data/PlaybackEngines/WindowsStandaloneSupport/UnityEditor.WindowsStandalone.Extensions.dll
Registered in 0.032697 seconds.
- Loaded All Assemblies, in  3.528 seconds
Native extension for WindowsStandalone target not found
Mono: successfully reloaded assembly
- Finished resetting the current domain, in  2.094 seconds
Domain Reload Profiling: 5591ms
	BeginReloadAssembly (1789ms)
		ExecutionOrderSort (0ms)
		DisableScriptedObjects (0ms)
		BackupInstance (0ms)
		ReleaseScriptingObjects (0ms)
		CreateAndSetChildDomain (4ms)
	RebuildCommonClasses (272ms)
	RebuildNativeTypeToScriptingClass (73ms)
	initialDomainReloadingComplete (345ms)
	LoadAllAssembliesAndSetupDomain (1015ms)
		LoadAssemblies (1745ms)
		RebuildTransferFunctionScriptingTraits (0ms)
		AnalyzeDomain (1001ms)
			TypeCache.Refresh (994ms)
				TypeCache.ScanAssembly (921ms)
			BuildScriptInfoCaches (1ms)
			ResolveRequiredComponents (1ms)
	FinalizeReload (2096ms)
		ReleaseScriptCaches (0ms)
		RebuildScriptCaches (0ms)
		SetupLoadedEditorAssemblies (1833ms)
			LogAssemblyErrors (0ms)
			InitializePlatformSupportModulesInManaged (139ms)
			SetLoadedEditorAssemblies (21ms)
			BeforeProcessingInitializeOnLoad (403ms)
			ProcessInitializeOnLoadAttributes (1010ms)
			ProcessInitializeOnLoadMethodAttributes (259ms)
			AfterProcessingInitializeOnLoad (0ms)
			EditorAssembliesLoaded (0ms)
		ExecutionOrderSort2 (0ms)
		AwakeInstancesAfterBackupRestoration (0ms)
========================================================================
Worker process is ready to serve import requests
Import Worker Mode flag is 0x00
Begin MonoManager ReloadAssembly
[Licensing::Client] Successfully resolved entitlement details
[Licensing::Module] License group:
  Id: F4-4ZE3-57FW-3TRY-TK6S-XXXX
  Product: Unity Personal
  Type: ULF
  Expiration: Unlimited
[Licensing::Module] License group:
  Id: 6872800998164-UnityPersXXXX
  Product: Unity Personal
  Type: Assigned
  Expiration: Unlimited
- Loaded All Assemblies, in  3.310 seconds
Refreshing native plugins compatible for Editor in 13.53 ms, found 4 plugins.
Native extension for WindowsStandalone target not found
Package Manager log level set to [2]
[Package Manager] Failed to launch server process. Reason: Unity was launched with the -noUpm command-line argument
[Package Manager] Unable to send message (not connected to server process).
[Package Manager] Cannot connect to Unity Package Manager local server
Mono: successfully reloaded assembly
- Finished resetting the current domain, in  2.763 seconds
Domain Reload Profiling: 6007ms
	BeginReloadAssembly (627ms)
		ExecutionOrderSort (0ms)
		DisableScriptedObjects (31ms)
		BackupInstance (0ms)
		ReleaseScriptingObjects (0ms)
		CreateAndSetChildDomain (78ms)
	RebuildCommonClasses (119ms)
	RebuildNativeTypeToScriptingClass (41ms)
	initialDomainReloadingComplete (140ms)
	LoadAllAssembliesAndSetupDomain (2316ms)
		LoadAssemblies (1573ms)
		RebuildTransferFunctionScriptingTraits (0ms)
		AnalyzeDomain (1086ms)
			TypeCache.Refresh (702ms)
				TypeCache.ScanAssembly (653ms)
			BuildScriptInfoCaches (331ms)
			ResolveRequiredComponents (40ms)
	FinalizeReload (2764ms)
		ReleaseScriptCaches (0ms)
		RebuildScriptCaches (0ms)
		SetupLoadedEditorAssemblies (2257ms)
			LogAssemblyErrors (0ms)
			InitializePlatformSupportModulesInManaged (7ms)
			SetLoadedEditorAssemblies (9ms)
			BeforeProcessingInitializeOnLoad (532ms)
			ProcessInitializeOnLoadAttributes (1257ms)
			ProcessInitializeOnLoadMethodAttributes (427ms)
			AfterProcessingInitializeOnLoad (24ms)
			EditorAssembliesLoaded (1ms)
		ExecutionOrderSort2 (0ms)
		AwakeInstancesAfterBackupRestoration (28ms)
Launched and connected shader compiler UnityShaderCompiler.exe after 0.05 seconds
Refreshing native plugins compatible for Editor in 6.84 ms, found 4 plugins.
Preloading 0 native plugins for Editor in 0.00 ms.
Unloading 31 Unused Serialized files (Serialized files now loaded: 0)
Unloading 6726 unused Assets / (6.4 MB). Loaded Objects now: 7397.
Memory consumption went from 144.1 MB to 137.7 MB.
Total: 31.363700 ms (FindLiveObjects: 3.241700 ms CreateObjectMapping: 3.246500 ms MarkObjects: 16.521100 ms  DeleteObjects: 8.352100 ms)

========================================================================
Received Import Request.
  Time since last request: 3125.775327 seconds.
  path: Assets/UniversalRenderPipelineGlobalSettings.asset
  artifactKey: Guid(93b439a37f63240aca3dd4e01d978a9f) Importer(815301076,1909f56bfc062723c751e8b465ee728b)
Start importing Assets/UniversalRenderPipelineGlobalSettings.asset using Guid(93b439a37f63240aca3dd4e01d978a9f) Importer(815301076,1909f56bfc062723c751e8b465ee728b) (PreviewImporter) -> (artifact id: '74a17581d8c3146b6d627e7935dd26a3') in 0.0523569 seconds
Number of updated asset objects reloaded before import = 0Number of asset objects unloaded after import = 0

========================================================================
Received Import Request.
  Time since last request: 0.000078 seconds.
  path: Assets/DefaultVolumeProfile.asset
  artifactKey: Guid(3f9215ea0144899419cfbc0957140d3f) Importer(815301076,1909f56bfc062723c751e8b465ee728b)
Start importing Assets/DefaultVolumeProfile.asset using Guid(3f9215ea0144899419cfbc0957140d3f) Importer(815301076,1909f56bfc062723c751e8b465ee728b) (PreviewImporter) -> (artifact id: '1e3ee85287093c2e01e2184a29fd3edf') in 0.0026182 seconds
Number of updated asset objects reloaded before import = 0Number of asset objects unloaded after import = 0

========================================================================
Received Import Request.
  Time since last request: 3563.999010 seconds.
  path: Assets/SpritesheetMiniLadron.png
  artifactKey: Guid(01284fa44762c4440a66fb313adb14ee) Importer(815301076,1909f56bfc062723c751e8b465ee728b)
Start importing Assets/SpritesheetMiniLadron.png using Guid(01284fa44762c4440a66fb313adb14ee) Importer(815301076,1909f56bfc062723c751e8b465ee728b) (PreviewImporter) -> (artifact id: '886f3e5ef685b5872b770fc49cee6165') in 1.6277969 seconds
Number of updated asset objects reloaded before import = 5Number of asset objects unloaded after import = 24

========================================================================
Received Prepare
Begin MonoManager ReloadAssembly
[Licensing::Client] Successfully resolved entitlement details
[Licensing::Module] License group:
  Id: F4-4ZE3-57FW-3TRY-TK6S-XXXX
  Product: Unity Personal
  Type: ULF
  Expiration: Unlimited
[Licensing::Module] License group:
  Id: 6872800998164-UnityPersXXXX
  Product: Unity Personal
  Type: Assigned
  Expiration: Unlimited
- Loaded All Assemblies, in 10.537 seconds
Refreshing native plugins compatible for Editor in 8.43 ms, found 4 plugins.
Native extension for WindowsStandalone target not found
[Package Manager] Failed to launch server process. Reason: Unity was launched with the -noUpm command-line argument
[Package Manager] Unable to send message (not connected to server process).
[Package Manager] Cannot connect to Unity Package Manager local server
Mono: successfully reloaded assembly
- Finished resetting the current domain, in  1.921 seconds
Domain Reload Profiling: 12445ms
	BeginReloadAssembly (4238ms)
		ExecutionOrderSort (8ms)
		DisableScriptedObjects (660ms)
		BackupInstance (0ms)
		ReleaseScriptingObjects (9ms)
		CreateAndSetChildDomain (1583ms)
	RebuildCommonClasses (339ms)
	RebuildNativeTypeToScriptingClass (37ms)
	initialDomainReloadingComplete (169ms)
	LoadAllAssembliesAndSetupDomain (5741ms)
		LoadAssemblies (6066ms)
		RebuildTransferFunctionScriptingTraits (0ms)
		AnalyzeDomain (712ms)
			TypeCache.Refresh (62ms)
				TypeCache.ScanAssembly (1ms)
			BuildScriptInfoCaches (604ms)
			ResolveRequiredComponents (26ms)
	FinalizeReload (1922ms)
		ReleaseScriptCaches (0ms)
		RebuildScriptCaches (0ms)
		SetupLoadedEditorAssemblies (1575ms)
			LogAssemblyErrors (0ms)
			InitializePlatformSupportModulesInManaged (5ms)
			SetLoadedEditorAssemblies (12ms)
			BeforeProcessingInitializeOnLoad (377ms)
			ProcessInitializeOnLoadAttributes (1034ms)
			ProcessInitializeOnLoadMethodAttributes (128ms)
			AfterProcessingInitializeOnLoad (18ms)
			EditorAssembliesLoaded (1ms)
		ExecutionOrderSort2 (0ms)
		AwakeInstancesAfterBackupRestoration (32ms)
Refreshing native plugins compatible for Editor in 5.62 ms, found 4 plugins.
Preloading 0 native plugins for Editor in 0.00 ms.
Unloading 30 Unused Serialized files (Serialized files now loaded: 0)
Unloading 6731 unused Assets / (6.1 MB). Loaded Objects now: 7443.
Memory consumption went from 150.5 MB to 144.5 MB.
Total: 26.477300 ms (FindLiveObjects: 1.845200 ms CreateObjectMapping: 1.644300 ms MarkObjects: 15.943300 ms  DeleteObjects: 7.042200 ms)

Prepare: number of updated asset objects reloaded= 0
========================================================================
Received Prepare
Begin MonoManager ReloadAssembly
[Licensing::Client] Successfully resolved entitlement details
[Licensing::Module] License group:
  Id: F4-4ZE3-57FW-3TRY-TK6S-XXXX
  Product: Unity Personal
  Type: ULF
  Expiration: Unlimited
[Licensing::Module] License group:
  Id: 6872800998164-UnityPersXXXX
  Product: Unity Personal
  Type: Assigned
  Expiration: Unlimited
- Loaded All Assemblies, in  2.039 seconds
Refreshing native plugins compatible for Editor in 4.86 ms, found 4 plugins.
Native extension for WindowsStandalone target not found
[Package Manager] Failed to launch server process. Reason: Unity was launched with the -noUpm command-line argument
[Package Manager] Unable to send message (not connected to server process).
[Package Manager] Cannot connect to Unity Package Manager local server
Mono: successfully reloaded assembly
- Finished resetting the current domain, in  2.577 seconds
Domain Reload Profiling: 4607ms
	BeginReloadAssembly (646ms)
		ExecutionOrderSort (0ms)
		DisableScriptedObjects (71ms)
		BackupInstance (0ms)
		ReleaseScriptingObjects (1ms)
		CreateAndSetChildDomain (165ms)
	RebuildCommonClasses (71ms)
	RebuildNativeTypeToScriptingClass (26ms)
	initialDomainReloadingComplete (73ms)
	LoadAllAssembliesAndSetupDomain (1212ms)
		LoadAssemblies (953ms)
		RebuildTransferFunctionScriptingTraits (0ms)
		AnalyzeDomain (498ms)
			TypeCache.Refresh (15ms)
				TypeCache.ScanAssembly (0ms)
			BuildScriptInfoCaches (450ms)
			ResolveRequiredComponents (22ms)
	FinalizeReload (2579ms)
		ReleaseScriptCaches (0ms)
		RebuildScriptCaches (0ms)
		SetupLoadedEditorAssemblies (2151ms)
			LogAssemblyErrors (0ms)
			InitializePlatformSupportModulesInManaged (6ms)
			SetLoadedEditorAssemblies (15ms)
			BeforeProcessingInitializeOnLoad (399ms)
			ProcessInitializeOnLoadAttributes (1450ms)
			ProcessInitializeOnLoadMethodAttributes (245ms)
			AfterProcessingInitializeOnLoad (35ms)
			EditorAssembliesLoaded (1ms)
		ExecutionOrderSort2 (0ms)
		AwakeInstancesAfterBackupRestoration (65ms)
Refreshing native plugins compatible for Editor in 7.70 ms, found 4 plugins.
Preloading 0 native plugins for Editor in 0.00 ms.
Unloading 30 Unused Serialized files (Serialized files now loaded: 0)
Unloading 6731 unused Assets / (7.0 MB). Loaded Objects now: 7446.
Memory consumption went from 150.6 MB to 143.6 MB.
Total: 34.375600 ms (FindLiveObjects: 3.102400 ms CreateObjectMapping: 4.045400 ms MarkObjects: 14.238100 ms  DeleteObjects: 12.987400 ms)

Prepare: number of updated asset objects reloaded= 0
========================================================================
Received Prepare
Begin MonoManager ReloadAssembly
- Loaded All Assemblies, in  4.359 seconds
Refreshing native plugins compatible for Editor in 7.36 ms, found 4 plugins.
Native extension for WindowsStandalone target not found
[Package Manager] Failed to launch server process. Reason: Unity was launched with the -noUpm command-line argument
[Package Manager] Unable to send message (not connected to server process).
[Package Manager] Cannot connect to Unity Package Manager local server
Mono: successfully reloaded assembly
- Finished resetting the current domain, in  2.977 seconds
Domain Reload Profiling: 7331ms
	BeginReloadAssembly (934ms)
		ExecutionOrderSort (0ms)
		DisableScriptedObjects (108ms)
		BackupInstance (0ms)
		ReleaseScriptingObjects (1ms)
		CreateAndSetChildDomain (244ms)
	RebuildCommonClasses (102ms)
	RebuildNativeTypeToScriptingClass (27ms)
	initialDomainReloadingComplete (78ms)
	LoadAllAssembliesAndSetupDomain (3211ms)
		LoadAssemblies (2481ms)
		RebuildTransferFunctionScriptingTraits (0ms)
		AnalyzeDomain (1140ms)
			TypeCache.Refresh (150ms)
				TypeCache.ScanAssembly (0ms)
			BuildScriptInfoCaches (911ms)
			ResolveRequiredComponents (54ms)
	FinalizeReload (2979ms)
		ReleaseScriptCaches (0ms)
		RebuildScriptCaches (0ms)
		SetupLoadedEditorAssemblies (2370ms)
			LogAssemblyErrors (0ms)
			InitializePlatformSupportModulesInManaged (8ms)
			SetLoadedEditorAssemblies (29ms)
			BeforeProcessingInitializeOnLoad (919ms)
			ProcessInitializeOnLoadAttributes (1238ms)
			ProcessInitializeOnLoadMethodAttributes (155ms)
			AfterProcessingInitializeOnLoad (19ms)
			EditorAssembliesLoaded (1ms)
		ExecutionOrderSort2 (0ms)
		AwakeInstancesAfterBackupRestoration (60ms)
Refreshing native plugins compatible for Editor in 14.06 ms, found 4 plugins.
Preloading 0 native plugins for Editor in 0.00 ms.
Unloading 30 Unused Serialized files (Serialized files now loaded: 0)
Unloading 6731 unused Assets / (6.7 MB). Loaded Objects now: 7449.
Memory consumption went from 150.6 MB to 144.0 MB.
Total: 48.347600 ms (FindLiveObjects: 4.613900 ms CreateObjectMapping: 3.380000 ms MarkObjects: 23.841100 ms  DeleteObjects: 16.508600 ms)

Prepare: number of updated asset objects reloaded= 0
========================================================================
Received Prepare
Refreshing native plugins compatible for Editor in 6.61 ms, found 4 plugins.
Preloading 0 native plugins for Editor in 0.00 ms.
Unloading 30 Unused Serialized files (Serialized files now loaded: 0)
Unloading 6721 unused Assets / (6.4 MB). Loaded Objects now: 7449.
Memory consumption went from 150.7 MB to 144.3 MB.
Total: 26.867300 ms (FindLiveObjects: 2.613300 ms CreateObjectMapping: 2.186200 ms MarkObjects: 13.304600 ms  DeleteObjects: 8.761500 ms)

Prepare: number of updated asset objects reloaded= 0
========================================================================
Received Prepare
Begin MonoManager ReloadAssembly
[Licensing::Client] Successfully resolved entitlement details
[Licensing::Module] License group:
  Id: F4-4ZE3-57FW-3TRY-TK6S-XXXX
  Product: Unity Personal
  Type: ULF
  Expiration: Unlimited
[Licensing::Module] License group:
  Id: 6872800998164-UnityPersXXXX
  Product: Unity Personal
  Type: Assigned
  Expiration: Unlimited
- Loaded All Assemblies, in  4.220 seconds
Refreshing native plugins compatible for Editor in 3.78 ms, found 4 plugins.
Native extension for WindowsStandalone target not found
[Package Manager] Failed to launch server process. Reason: Unity was launched with the -noUpm command-line argument
[Package Manager] Unable to send message (not connected to server process).
[Package Manager] Cannot connect to Unity Package Manager local server
Mono: successfully reloaded assembly
- Finished resetting the current domain, in  2.430 seconds
Domain Reload Profiling: 6638ms
	BeginReloadAssembly (1347ms)
		ExecutionOrderSort (0ms)
		DisableScriptedObjects (205ms)
		BackupInstance (0ms)
		ReleaseScriptingObjects (2ms)
		CreateAndSetChildDomain (489ms)
	RebuildCommonClasses (111ms)
	RebuildNativeTypeToScriptingClass (33ms)
	initialDomainReloadingComplete (95ms)
	LoadAllAssembliesAndSetupDomain (2622ms)
		LoadAssemblies (2395ms)
		RebuildTransferFunctionScriptingTraits (0ms)
		AnalyzeDomain (593ms)
			TypeCache.Refresh (67ms)
				TypeCache.ScanAssembly (2ms)
			BuildScriptInfoCaches (478ms)
			ResolveRequiredComponents (26ms)
	FinalizeReload (2431ms)
		ReleaseScriptCaches (0ms)
		RebuildScriptCaches (0ms)
		SetupLoadedEditorAssemblies (1748ms)
			LogAssemblyErrors (0ms)
			InitializePlatformSupportModulesInManaged (82ms)
			SetLoadedEditorAssemblies (152ms)
			BeforeProcessingInitializeOnLoad (395ms)
			ProcessInitializeOnLoadAttributes (960ms)
			ProcessInitializeOnLoadMethodAttributes (142ms)
			AfterProcessingInitializeOnLoad (16ms)
			EditorAssembliesLoaded (1ms)
		ExecutionOrderSort2 (0ms)
		AwakeInstancesAfterBackupRestoration (29ms)
Refreshing native plugins compatible for Editor in 5.61 ms, found 4 plugins.
Preloading 0 native plugins for Editor in 0.00 ms.
Unloading 30 Unused Serialized files (Serialized files now loaded: 0)
Unloading 6731 unused Assets / (6.3 MB). Loaded Objects now: 7452.
Memory consumption went from 150.6 MB to 144.3 MB.
Total: 20.556700 ms (FindLiveObjects: 2.432100 ms CreateObjectMapping: 2.402700 ms MarkObjects: 9.310400 ms  DeleteObjects: 6.409600 ms)

Prepare: number of updated asset objects reloaded= 0
========================================================================
Received Prepare
Begin MonoManager ReloadAssembly
- Loaded All Assemblies, in  1.744 seconds
Refreshing native plugins compatible for Editor in 4.37 ms, found 4 plugins.
Native extension for WindowsStandalone target not found
[Package Manager] Failed to launch server process. Reason: Unity was launched with the -noUpm command-line argument
[Package Manager] Unable to send message (not connected to server process).
[Package Manager] Cannot connect to Unity Package Manager local server
Mono: successfully reloaded assembly
- Finished resetting the current domain, in  2.263 seconds
Domain Reload Profiling: 3998ms
	BeginReloadAssembly (445ms)
		ExecutionOrderSort (0ms)
		DisableScriptedObjects (29ms)
		BackupInstance (0ms)
		ReleaseScriptingObjects (0ms)
		CreateAndSetChildDomain (113ms)
	RebuildCommonClasses (63ms)
	RebuildNativeTypeToScriptingClass (22ms)
	initialDomainReloadingComplete (65ms)
	LoadAllAssembliesAndSetupDomain (1138ms)
		LoadAssemblies (858ms)
		RebuildTransferFunctionScriptingTraits (0ms)
		AnalyzeDomain (464ms)
			TypeCache.Refresh (12ms)
				TypeCache.ScanAssembly (0ms)
			BuildScriptInfoCaches (421ms)
			ResolveRequiredComponents (23ms)
	FinalizeReload (2265ms)
		ReleaseScriptCaches (0ms)
		RebuildScriptCaches (0ms)
		SetupLoadedEditorAssemblies (1878ms)
			LogAssemblyErrors (0ms)
			InitializePlatformSupportModulesInManaged (5ms)
			SetLoadedEditorAssemblies (7ms)
			BeforeProcessingInitializeOnLoad (320ms)
			ProcessInitializeOnLoadAttributes (1293ms)
			ProcessInitializeOnLoadMethodAttributes (217ms)
			AfterProcessingInitializeOnLoad (34ms)
			EditorAssembliesLoaded (1ms)
		ExecutionOrderSort2 (0ms)
		AwakeInstancesAfterBackupRestoration (61ms)
Refreshing native plugins compatible for Editor in 9.07 ms, found 4 plugins.
Preloading 0 native plugins for Editor in 0.00 ms.
Unloading 30 Unused Serialized files (Serialized files now loaded: 0)
Unloading 6731 unused Assets / (7.4 MB). Loaded Objects now: 7455.
Memory consumption went from 150.6 MB to 143.2 MB.
Total: 35.565900 ms (FindLiveObjects: 1.882900 ms CreateObjectMapping: 4.838800 ms MarkObjects: 15.751500 ms  DeleteObjects: 13.090400 ms)

Prepare: number of updated asset objects reloaded= 0
========================================================================
Received Prepare
Begin MonoManager ReloadAssembly
[Licensing::Client] Successfully resolved entitlement details
[Licensing::Module] License group:
  Id: F4-4ZE3-57FW-3TRY-TK6S-XXXX
  Product: Unity Personal
  Type: ULF
  Expiration: Unlimited
[Licensing::Module] License group:
  Id: 6872800998164-UnityPersXXXX
  Product: Unity Personal
  Type: Assigned
  Expiration: Unlimited
- Loaded All Assemblies, in  3.268 seconds
Refreshing native plugins compatible for Editor in 27.01 ms, found 4 plugins.
Native extension for WindowsStandalone target not found
[Package Manager] Failed to launch server process. Reason: Unity was launched with the -noUpm command-line argument
[Package Manager] Unable to send message (not connected to server process).
[Package Manager] Cannot connect to Unity Package Manager local server
Mono: successfully reloaded assembly
- Finished resetting the current domain, in  1.882 seconds
Domain Reload Profiling: 5166ms
	BeginReloadAssembly (944ms)
		ExecutionOrderSort (0ms)
		DisableScriptedObjects (158ms)
		BackupInstance (0ms)
		ReleaseScriptingObjects (1ms)
		CreateAndSetChildDomain (299ms)
	RebuildCommonClasses (74ms)
	RebuildNativeTypeToScriptingClass (23ms)
	initialDomainReloadingComplete (64ms)
	LoadAllAssembliesAndSetupDomain (2179ms)
		LoadAssemblies (1385ms)
		RebuildTransferFunctionScriptingTraits (0ms)
		AnalyzeDomain (1014ms)
			TypeCache.Refresh (55ms)
				TypeCache.ScanAssembly (1ms)
			BuildScriptInfoCaches (890ms)
			ResolveRequiredComponents (39ms)
	FinalizeReload (1883ms)
		ReleaseScriptCaches (0ms)
		RebuildScriptCaches (0ms)
		SetupLoadedEditorAssemblies (1478ms)
			LogAssemblyErrors (0ms)
			InitializePlatformSupportModulesInManaged (8ms)
			SetLoadedEditorAssemblies (10ms)
			BeforeProcessingInitializeOnLoad (426ms)
			ProcessInitializeOnLoadAttributes (887ms)
			ProcessInitializeOnLoadMethodAttributes (126ms)
			AfterProcessingInitializeOnLoad (19ms)
			EditorAssembliesLoaded (1ms)
		ExecutionOrderSort2 (0ms)
		AwakeInstancesAfterBackupRestoration (49ms)
Refreshing native plugins compatible for Editor in 5.42 ms, found 4 plugins.
Preloading 0 native plugins for Editor in 0.00 ms.
Unloading 30 Unused Serialized files (Serialized files now loaded: 0)
Unloading 6731 unused Assets / (6.4 MB). Loaded Objects now: 7458.
Memory consumption went from 150.7 MB to 144.2 MB.
Total: 26.914000 ms (FindLiveObjects: 1.848400 ms CreateObjectMapping: 2.427400 ms MarkObjects: 16.407400 ms  DeleteObjects: 6.229200 ms)

Prepare: number of updated asset objects reloaded= 0
========================================================================
Received Prepare
Begin MonoManager ReloadAssembly
- Loaded All Assemblies, in  1.788 seconds
Refreshing native plugins compatible for Editor in 5.70 ms, found 4 plugins.
Native extension for WindowsStandalone target not found
[Package Manager] Failed to launch server process. Reason: Unity was launched with the -noUpm command-line argument
[Package Manager] Unable to send message (not connected to server process).
[Package Manager] Cannot connect to Unity Package Manager local server
Mono: successfully reloaded assembly
- Finished resetting the current domain, in  1.980 seconds
Domain Reload Profiling: 3759ms
	BeginReloadAssembly (438ms)
		ExecutionOrderSort (0ms)
		DisableScriptedObjects (29ms)
		BackupInstance (0ms)
		ReleaseScriptingObjects (0ms)
		CreateAndSetChildDomain (100ms)
	RebuildCommonClasses (77ms)
	RebuildNativeTypeToScriptingClass (27ms)
	initialDomainReloadingComplete (73ms)
	LoadAllAssembliesAndSetupDomain (1163ms)
		LoadAssemblies (899ms)
		RebuildTransferFunctionScriptingTraits (0ms)
		AnalyzeDomain (471ms)
			TypeCache.Refresh (12ms)
				TypeCache.ScanAssembly (0ms)
			BuildScriptInfoCaches (430ms)
			ResolveRequiredComponents (20ms)
	FinalizeReload (1981ms)
		ReleaseScriptCaches (0ms)
		RebuildScriptCaches (0ms)
		SetupLoadedEditorAssemblies (1616ms)
			LogAssemblyErrors (0ms)
			InitializePlatformSupportModulesInManaged (4ms)
			SetLoadedEditorAssemblies (6ms)
			BeforeProcessingInitializeOnLoad (330ms)
			ProcessInitializeOnLoadAttributes (1012ms)
			ProcessInitializeOnLoadMethodAttributes (231ms)
			AfterProcessingInitializeOnLoad (34ms)
			EditorAssembliesLoaded (1ms)
		ExecutionOrderSort2 (0ms)
		AwakeInstancesAfterBackupRestoration (52ms)
Refreshing native plugins compatible for Editor in 8.29 ms, found 4 plugins.
Preloading 0 native plugins for Editor in 0.00 ms.
Unloading 30 Unused Serialized files (Serialized files now loaded: 0)
Unloading 6731 unused Assets / (6.9 MB). Loaded Objects now: 7461.
Memory consumption went from 150.7 MB to 143.8 MB.
Total: 30.099300 ms (FindLiveObjects: 1.644600 ms CreateObjectMapping: 3.053400 ms MarkObjects: 14.041400 ms  DeleteObjects: 11.357200 ms)

Prepare: number of updated asset objects reloaded= 0
========================================================================
Received Prepare
Begin MonoManager ReloadAssembly
[Licensing::Client] Successfully resolved entitlement details
[Licensing::Module] License group:
  Id: F4-4ZE3-57FW-3TRY-TK6S-XXXX
  Product: Unity Personal
  Type: ULF
  Expiration: Unlimited
[Licensing::Module] License group:
  Id: 6872800998164-UnityPersXXXX
  Product: Unity Personal
  Type: Assigned
  Expiration: Unlimited
- Loaded All Assemblies, in  2.727 seconds
Refreshing native plugins compatible for Editor in 5.14 ms, found 4 plugins.
Native extension for WindowsStandalone target not found
[Package Manager] Failed to launch server process. Reason: Unity was launched with the -noUpm command-line argument
[Package Manager] Unable to send message (not connected to server process).
[Package Manager] Cannot connect to Unity Package Manager local server
Mono: successfully reloaded assembly
- Finished resetting the current domain, in  1.600 seconds
Domain Reload Profiling: 4320ms
	BeginReloadAssembly (998ms)
		ExecutionOrderSort (0ms)
		DisableScriptedObjects (108ms)
		BackupInstance (0ms)
		ReleaseScriptingObjects (2ms)
		CreateAndSetChildDomain (295ms)
	RebuildCommonClasses (108ms)
	RebuildNativeTypeToScriptingClass (29ms)
	initialDomainReloadingComplete (66ms)
	LoadAllAssembliesAndSetupDomain (1519ms)
		LoadAssemblies (1086ms)
		RebuildTransferFunctionScriptingTraits (0ms)
		AnalyzeDomain (730ms)
			TypeCache.Refresh (44ms)
				TypeCache.ScanAssembly (0ms)
			BuildScriptInfoCaches (637ms)
			ResolveRequiredComponents (25ms)
	FinalizeReload (1601ms)
		ReleaseScriptCaches (0ms)
		RebuildScriptCaches (0ms)
		SetupLoadedEditorAssemblies (1267ms)
			LogAssemblyErrors (0ms)
			InitializePlatformSupportModulesInManaged (4ms)
			SetLoadedEditorAssemblies (7ms)
			BeforeProcessingInitializeOnLoad (301ms)
			ProcessInitializeOnLoadAttributes (778ms)
			ProcessInitializeOnLoadMethodAttributes (160ms)
			AfterProcessingInitializeOnLoad (16ms)
			EditorAssembliesLoaded (1ms)
		ExecutionOrderSort2 (0ms)
		AwakeInstancesAfterBackupRestoration (34ms)
Refreshing native plugins compatible for Editor in 4.36 ms, found 4 plugins.
Preloading 0 native plugins for Editor in 0.00 ms.
Unloading 30 Unused Serialized files (Serialized files now loaded: 0)
Unloading 6731 unused Assets / (7.0 MB). Loaded Objects now: 7464.
Memory consumption went from 150.7 MB to 143.7 MB.
Total: 24.304200 ms (FindLiveObjects: 1.804900 ms CreateObjectMapping: 2.345800 ms MarkObjects: 11.578200 ms  DeleteObjects: 8.573200 ms)

Prepare: number of updated asset objects reloaded= 0
========================================================================
Received Prepare
Begin MonoManager ReloadAssembly
- Loaded All Assemblies, in  1.788 seconds
Refreshing native plugins compatible for Editor in 5.36 ms, found 4 plugins.
Native extension for WindowsStandalone target not found
[Package Manager] Failed to launch server process. Reason: Unity was launched with the -noUpm command-line argument
[Package Manager] Unable to send message (not connected to server process).
[Package Manager] Cannot connect to Unity Package Manager local server
Mono: successfully reloaded assembly
- Finished resetting the current domain, in  2.274 seconds
Domain Reload Profiling: 4052ms
	BeginReloadAssembly (462ms)
		ExecutionOrderSort (0ms)
		DisableScriptedObjects (32ms)
		BackupInstance (0ms)
		ReleaseScriptingObjects (0ms)
		CreateAndSetChildDomain (97ms)
	RebuildCommonClasses (73ms)
	RebuildNativeTypeToScriptingClass (29ms)
	initialDomainReloadingComplete (66ms)
	LoadAllAssembliesAndSetupDomain (1146ms)
		LoadAssemblies (839ms)
		RebuildTransferFunctionScriptingTraits (0ms)
		AnalyzeDomain (509ms)
			TypeCache.Refresh (14ms)
				TypeCache.ScanAssembly (0ms)
			BuildScriptInfoCaches (460ms)
			ResolveRequiredComponents (25ms)
	FinalizeReload (2275ms)
		ReleaseScriptCaches (0ms)
		RebuildScriptCaches (0ms)
		SetupLoadedEditorAssemblies (1881ms)
			LogAssemblyErrors (0ms)
			InitializePlatformSupportModulesInManaged (7ms)
			SetLoadedEditorAssemblies (10ms)
			BeforeProcessingInitializeOnLoad (335ms)
			ProcessInitializeOnLoadAttributes (1279ms)
			ProcessInitializeOnLoadMethodAttributes (222ms)
			AfterProcessingInitializeOnLoad (28ms)
			EditorAssembliesLoaded (1ms)
		ExecutionOrderSort2 (0ms)
		AwakeInstancesAfterBackupRestoration (55ms)
Refreshing native plugins compatible for Editor in 8.17 ms, found 4 plugins.
Preloading 0 native plugins for Editor in 0.00 ms.
Unloading 30 Unused Serialized files (Serialized files now loaded: 0)
Unloading 6731 unused Assets / (7.1 MB). Loaded Objects now: 7467.
Memory consumption went from 150.8 MB to 143.6 MB.
Total: 30.713800 ms (FindLiveObjects: 3.037900 ms CreateObjectMapping: 3.486400 ms MarkObjects: 13.632400 ms  DeleteObjects: 10.554900 ms)

Prepare: number of updated asset objects reloaded= 0
========================================================================
Received Prepare
Begin MonoManager ReloadAssembly
- Loaded All Assemblies, in  1.693 seconds
Refreshing native plugins compatible for Editor in 4.72 ms, found 4 plugins.
Native extension for WindowsStandalone target not found
[Package Manager] Failed to launch server process. Reason: Unity was launched with the -noUpm command-line argument
[Package Manager] Unable to send message (not connected to server process).
[Package Manager] Cannot connect to Unity Package Manager local server
Mono: successfully reloaded assembly
- Finished resetting the current domain, in  2.422 seconds
Domain Reload Profiling: 4107ms
	BeginReloadAssembly (440ms)
		ExecutionOrderSort (0ms)
		DisableScriptedObjects (33ms)
		BackupInstance (0ms)
		ReleaseScriptingObjects (0ms)
		CreateAndSetChildDomain (83ms)
	RebuildCommonClasses (67ms)
	RebuildNativeTypeToScriptingClass (28ms)
	initialDomainReloadingComplete (67ms)
	LoadAllAssembliesAndSetupDomain (1081ms)
		LoadAssemblies (824ms)
		RebuildTransferFunctionScriptingTraits (0ms)
		AnalyzeDomain (458ms)
			TypeCache.Refresh (13ms)
				TypeCache.ScanAssembly (0ms)
			BuildScriptInfoCaches (417ms)
			ResolveRequiredComponents (19ms)
	FinalizeReload (2424ms)
		ReleaseScriptCaches (0ms)
		RebuildScriptCaches (0ms)
		SetupLoadedEditorAssemblies (2026ms)
			LogAssemblyErrors (0ms)
			InitializePlatformSupportModulesInManaged (6ms)
			SetLoadedEditorAssemblies (7ms)
			BeforeProcessingInitializeOnLoad (350ms)
			ProcessInitializeOnLoadAttributes (1362ms)
			ProcessInitializeOnLoadMethodAttributes (270ms)
			AfterProcessingInitializeOnLoad (30ms)
			EditorAssembliesLoaded (1ms)
		ExecutionOrderSort2 (0ms)
		AwakeInstancesAfterBackupRestoration (62ms)
Refreshing native plugins compatible for Editor in 9.60 ms, found 4 plugins.
Preloading 0 native plugins for Editor in 0.00 ms.
Unloading 30 Unused Serialized files (Serialized files now loaded: 0)
Unloading 6731 unused Assets / (7.1 MB). Loaded Objects now: 7470.
Memory consumption went from 150.7 MB to 143.7 MB.
Total: 31.920100 ms (FindLiveObjects: 1.805300 ms CreateObjectMapping: 3.962100 ms MarkObjects: 14.486200 ms  DeleteObjects: 11.662900 ms)

Prepare: number of updated asset objects reloaded= 0
========================================================================
Received Prepare
Begin MonoManager ReloadAssembly
[Licensing::Client] Successfully resolved entitlement details
[Licensing::Module] License group:
  Id: F4-4ZE3-57FW-3TRY-TK6S-XXXX
  Product: Unity Personal
  Type: ULF
  Expiration: Unlimited
[Licensing::Module] License group:
  Id: 6872800998164-UnityPersXXXX
  Product: Unity Personal
  Type: Assigned
  Expiration: Unlimited
- Loaded All Assemblies, in  4.051 seconds
Refreshing native plugins compatible for Editor in 10.52 ms, found 4 plugins.
Native extension for WindowsStandalone target not found
[Package Manager] Failed to launch server process. Reason: Unity was launched with the -noUpm command-line argument
[Package Manager] Unable to send message (not connected to server process).
[Package Manager] Cannot connect to Unity Package Manager local server
Mono: successfully reloaded assembly
- Finished resetting the current domain, in  3.337 seconds
Domain Reload Profiling: 7457ms
	BeginReloadAssembly (846ms)
		ExecutionOrderSort (0ms)
		DisableScriptedObjects (84ms)
		BackupInstance (0ms)
		ReleaseScriptingObjects (1ms)
		CreateAndSetChildDomain (270ms)
	RebuildCommonClasses (107ms)
	RebuildNativeTypeToScriptingClass (29ms)
	initialDomainReloadingComplete (88ms)
	LoadAllAssembliesAndSetupDomain (3048ms)
		LoadAssemblies (1520ms)
		RebuildTransferFunctionScriptingTraits (0ms)
		AnalyzeDomain (1750ms)
			TypeCache.Refresh (36ms)
				TypeCache.ScanAssembly (0ms)
			BuildScriptInfoCaches (1537ms)
			ResolveRequiredComponents (70ms)
	FinalizeReload (3339ms)
		ReleaseScriptCaches (0ms)
		RebuildScriptCaches (0ms)
		SetupLoadedEditorAssemblies (2557ms)
			LogAssemblyErrors (0ms)
			InitializePlatformSupportModulesInManaged (8ms)
			SetLoadedEditorAssemblies (16ms)
			BeforeProcessingInitializeOnLoad (690ms)
			ProcessInitializeOnLoadAttributes (1517ms)
			ProcessInitializeOnLoadMethodAttributes (286ms)
			AfterProcessingInitializeOnLoad (38ms)
			EditorAssembliesLoaded (2ms)
		ExecutionOrderSort2 (0ms)
		AwakeInstancesAfterBackupRestoration (72ms)
Refreshing native plugins compatible for Editor in 10.24 ms, found 4 plugins.
Preloading 0 native plugins for Editor in 0.00 ms.
Unloading 30 Unused Serialized files (Serialized files now loaded: 0)
Unloading 6731 unused Assets / (7.0 MB). Loaded Objects now: 7473.
Memory consumption went from 150.9 MB to 143.8 MB.
Total: 51.337900 ms (FindLiveObjects: 3.590600 ms CreateObjectMapping: 3.953900 ms MarkObjects: 23.138400 ms  DeleteObjects: 20.652300 ms)

Prepare: number of updated asset objects reloaded= 0
========================================================================
Received Prepare
Refreshing native plugins compatible for Editor in 5.51 ms, found 4 plugins.
Preloading 0 native plugins for Editor in 0.00 ms.
Unloading 30 Unused Serialized files (Serialized files now loaded: 0)
Unloading 6722 unused Assets / (7.1 MB). Loaded Objects now: 7474.
Memory consumption went from 151.0 MB to 143.9 MB.
Total: 102.823200 ms (FindLiveObjects: 3.072600 ms CreateObjectMapping: 2.434900 ms MarkObjects: 88.057400 ms  DeleteObjects: 9.255300 ms)

Prepare: number of updated asset objects reloaded= 0
========================================================================
Received Prepare
Begin MonoManager ReloadAssembly
[Licensing::Client] Successfully resolved entitlement details
[Licensing::Module] License group:
  Id: F4-4ZE3-57FW-3TRY-TK6S-XXXX
  Product: Unity Personal
  Type: ULF
  Expiration: Unlimited
[Licensing::Module] License group:
  Id: 6872800998164-UnityPersXXXX
  Product: Unity Personal
  Type: Assigned
  Expiration: Unlimited
- Loaded All Assemblies, in  3.187 seconds
Refreshing native plugins compatible for Editor in 10.38 ms, found 4 plugins.
Native extension for WindowsStandalone target not found
[Package Manager] Failed to launch server process. Reason: Unity was launched with the -noUpm command-line argument
[Package Manager] Unable to send message (not connected to server process).
[Package Manager] Cannot connect to Unity Package Manager local server
Mono: successfully reloaded assembly
- Finished resetting the current domain, in  2.042 seconds
Domain Reload Profiling: 5220ms
	BeginReloadAssembly (950ms)
		ExecutionOrderSort (0ms)
		DisableScriptedObjects (108ms)
		BackupInstance (0ms)
		ReleaseScriptingObjects (1ms)
		CreateAndSetChildDomain (310ms)
	RebuildCommonClasses (76ms)
	RebuildNativeTypeToScriptingClass (31ms)
	initialDomainReloadingComplete (82ms)
	LoadAllAssembliesAndSetupDomain (2039ms)
		LoadAssemblies (1701ms)
		RebuildTransferFunctionScriptingTraits (0ms)
		AnalyzeDomain (667ms)
			TypeCache.Refresh (76ms)
				TypeCache.ScanAssembly (2ms)
			BuildScriptInfoCaches (538ms)
			ResolveRequiredComponents (29ms)
	FinalizeReload (2043ms)
		ReleaseScriptCaches (0ms)
		RebuildScriptCaches (0ms)
		SetupLoadedEditorAssemblies (1631ms)
			LogAssemblyErrors (0ms)
			InitializePlatformSupportModulesInManaged (5ms)
			SetLoadedEditorAssemblies (30ms)
			BeforeProcessingInitializeOnLoad (458ms)
			ProcessInitializeOnLoadAttributes (1002ms)
			ProcessInitializeOnLoadMethodAttributes (118ms)
			AfterProcessingInitializeOnLoad (16ms)
			EditorAssembliesLoaded (1ms)
		ExecutionOrderSort2 (0ms)
		AwakeInstancesAfterBackupRestoration (29ms)
Refreshing native plugins compatible for Editor in 4.22 ms, found 4 plugins.
Preloading 0 native plugins for Editor in 0.00 ms.
Unloading 30 Unused Serialized files (Serialized files now loaded: 0)
Unloading 6732 unused Assets / (6.5 MB). Loaded Objects now: 7477.
Memory consumption went from 150.9 MB to 144.4 MB.
Total: 18.890500 ms (FindLiveObjects: 1.738900 ms CreateObjectMapping: 1.897600 ms MarkObjects: 9.122000 ms  DeleteObjects: 6.130400 ms)

Prepare: number of updated asset objects reloaded= 0
========================================================================
Received Prepare
Begin MonoManager ReloadAssembly
- Loaded All Assemblies, in  1.947 seconds
Refreshing native plugins compatible for Editor in 5.36 ms, found 4 plugins.
Native extension for WindowsStandalone target not found
[Package Manager] Failed to launch server process. Reason: Unity was launched with the -noUpm command-line argument
[Package Manager] Unable to send message (not connected to server process).
[Package Manager] Cannot connect to Unity Package Manager local server
Mono: successfully reloaded assembly
- Finished resetting the current domain, in  3.754 seconds
Domain Reload Profiling: 5693ms
	BeginReloadAssembly (419ms)
		ExecutionOrderSort (0ms)
		DisableScriptedObjects (25ms)
		BackupInstance (0ms)
		ReleaseScriptingObjects (0ms)
		CreateAndSetChildDomain (79ms)
	RebuildCommonClasses (90ms)
	RebuildNativeTypeToScriptingClass (28ms)
	initialDomainReloadingComplete (79ms)
	LoadAllAssembliesAndSetupDomain (1323ms)
		LoadAssemblies (1029ms)
		RebuildTransferFunctionScriptingTraits (0ms)
		AnalyzeDomain (499ms)
			TypeCache.Refresh (12ms)
				TypeCache.ScanAssembly (0ms)
			BuildScriptInfoCaches (442ms)
			ResolveRequiredComponents (33ms)
	FinalizeReload (3755ms)
		ReleaseScriptCaches (0ms)
		RebuildScriptCaches (0ms)
		SetupLoadedEditorAssemblies (2580ms)
			LogAssemblyErrors (0ms)
			InitializePlatformSupportModulesInManaged (8ms)
			SetLoadedEditorAssemblies (19ms)
			BeforeProcessingInitializeOnLoad (796ms)
			ProcessInitializeOnLoadAttributes (1482ms)
			ProcessInitializeOnLoadMethodAttributes (243ms)
			AfterProcessingInitializeOnLoad (31ms)
			EditorAssembliesLoaded (1ms)
		ExecutionOrderSort2 (0ms)
		AwakeInstancesAfterBackupRestoration (64ms)
Refreshing native plugins compatible for Editor in 8.69 ms, found 4 plugins.
Preloading 0 native plugins for Editor in 0.00 ms.
Unloading 30 Unused Serialized files (Serialized files now loaded: 0)
Unloading 6732 unused Assets / (7.7 MB). Loaded Objects now: 7480.
Memory consumption went from 150.9 MB to 143.2 MB.
Total: 39.806700 ms (FindLiveObjects: 2.997200 ms CreateObjectMapping: 5.059800 ms MarkObjects: 16.917100 ms  DeleteObjects: 14.830000 ms)

Prepare: number of updated asset objects reloaded= 0
========================================================================
Received Prepare
Begin MonoManager ReloadAssembly
[Licensing::Client] Successfully resolved entitlement details
[Licensing::Module] License group:
  Id: F4-4ZE3-57FW-3TRY-TK6S-XXXX
  Product: Unity Personal
  Type: ULF
  Expiration: Unlimited
[Licensing::Module] License group:
  Id: 6872800998164-UnityPersXXXX
  Product: Unity Personal
  Type: Assigned
  Expiration: Unlimited
- Loaded All Assemblies, in  4.244 seconds
Refreshing native plugins compatible for Editor in 10.42 ms, found 4 plugins.
Native extension for WindowsStandalone target not found
[Package Manager] Failed to launch server process. Reason: Unity was launched with the -noUpm command-line argument
[Package Manager] Unable to send message (not connected to server process).
[Package Manager] Cannot connect to Unity Package Manager local server
Mono: successfully reloaded assembly
- Finished resetting the current domain, in  3.960 seconds
Domain Reload Profiling: 8211ms
	BeginReloadAssembly (744ms)
		ExecutionOrderSort (0ms)
		DisableScriptedObjects (51ms)
		BackupInstance (0ms)
		ReleaseScriptingObjects (2ms)
		CreateAndSetChildDomain (217ms)
	RebuildCommonClasses (99ms)
	RebuildNativeTypeToScriptingClass (28ms)
	initialDomainReloadingComplete (94ms)
	LoadAllAssembliesAndSetupDomain (3283ms)
		LoadAssemblies (2458ms)
		RebuildTransferFunctionScriptingTraits (0ms)
		AnalyzeDomain (1095ms)
			TypeCache.Refresh (39ms)
				TypeCache.ScanAssembly (0ms)
			BuildScriptInfoCaches (970ms)
			ResolveRequiredComponents (58ms)
	FinalizeReload (3963ms)
		ReleaseScriptCaches (0ms)
		RebuildScriptCaches (0ms)
		SetupLoadedEditorAssemblies (3159ms)
			LogAssemblyErrors (0ms)
			InitializePlatformSupportModulesInManaged (10ms)
			SetLoadedEditorAssemblies (19ms)
			BeforeProcessingInitializeOnLoad (780ms)
			ProcessInitializeOnLoadAttributes (1949ms)
			ProcessInitializeOnLoadMethodAttributes (360ms)
			AfterProcessingInitializeOnLoad (39ms)
			EditorAssembliesLoaded (1ms)
		ExecutionOrderSort2 (0ms)
		AwakeInstancesAfterBackupRestoration (76ms)
Refreshing native plugins compatible for Editor in 10.58 ms, found 4 plugins.
Preloading 0 native plugins for Editor in 0.00 ms.
Unloading 30 Unused Serialized files (Serialized files now loaded: 0)
Unloading 6732 unused Assets / (7.1 MB). Loaded Objects now: 7483.
Memory consumption went from 151.0 MB to 143.9 MB.
Total: 44.676900 ms (FindLiveObjects: 2.780800 ms CreateObjectMapping: 4.478800 ms MarkObjects: 23.820800 ms  DeleteObjects: 13.593600 ms)

Prepare: number of updated asset objects reloaded= 0
========================================================================
Received Prepare
Begin MonoManager ReloadAssembly
[Licensing::Client] Successfully resolved entitlement details
[Licensing::Module] License group:
  Id: F4-4ZE3-57FW-3TRY-TK6S-XXXX
  Product: Unity Personal
  Type: ULF
  Expiration: Unlimited
[Licensing::Module] License group:
  Id: 6872800998164-UnityPersXXXX
  Product: Unity Personal
  Type: Assigned
  Expiration: Unlimited
- Loaded All Assemblies, in  5.435 seconds
Refreshing native plugins compatible for Editor in 4.46 ms, found 4 plugins.
Native extension for WindowsStandalone target not found
[Package Manager] Failed to launch server process. Reason: Unity was launched with the -noUpm command-line argument
[Package Manager] Unable to send message (not connected to server process).
[Package Manager] Cannot connect to Unity Package Manager local server
Mono: successfully reloaded assembly
- Finished resetting the current domain, in  1.627 seconds
Domain Reload Profiling: 7060ms
	BeginReloadAssembly (1974ms)
		ExecutionOrderSort (1ms)
		DisableScriptedObjects (302ms)
		BackupInstance (0ms)
		ReleaseScriptingObjects (4ms)
		CreateAndSetChildDomain (807ms)
	RebuildCommonClasses (118ms)
	RebuildNativeTypeToScriptingClass (32ms)
	initialDomainReloadingComplete (94ms)
	LoadAllAssembliesAndSetupDomain (3214ms)
		LoadAssemblies (2754ms)
		RebuildTransferFunctionScriptingTraits (0ms)
		AnalyzeDomain (868ms)
			TypeCache.Refresh (200ms)
				TypeCache.ScanAssembly (10ms)
			BuildScriptInfoCaches (618ms)
			ResolveRequiredComponents (33ms)
	FinalizeReload (1628ms)
		ReleaseScriptCaches (0ms)
		RebuildScriptCaches (0ms)
		SetupLoadedEditorAssemblies (1261ms)
			LogAssemblyErrors (0ms)
			InitializePlatformSupportModulesInManaged (6ms)
			SetLoadedEditorAssemblies (14ms)
			BeforeProcessingInitializeOnLoad (328ms)
			ProcessInitializeOnLoadAttributes (728ms)
			ProcessInitializeOnLoadMethodAttributes (169ms)
			AfterProcessingInitializeOnLoad (15ms)
			EditorAssembliesLoaded (1ms)
		ExecutionOrderSort2 (0ms)
		AwakeInstancesAfterBackupRestoration (40ms)
Refreshing native plugins compatible for Editor in 4.39 ms, found 4 plugins.
Preloading 0 native plugins for Editor in 0.00 ms.
Unloading 30 Unused Serialized files (Serialized files now loaded: 0)
Unloading 6733 unused Assets / (6.5 MB). Loaded Objects now: 7487.
Memory consumption went from 150.9 MB to 144.5 MB.
Total: 16.020800 ms (FindLiveObjects: 1.203800 ms CreateObjectMapping: 1.836300 ms MarkObjects: 7.784700 ms  DeleteObjects: 5.194800 ms)

Prepare: number of updated asset objects reloaded= 0
========================================================================
Received Prepare
Begin MonoManager ReloadAssembly
- Loaded All Assemblies, in  1.787 seconds
Refreshing native plugins compatible for Editor in 3.95 ms, found 4 plugins.
Native extension for WindowsStandalone target not found
[Package Manager] Failed to launch server process. Reason: Unity was launched with the -noUpm command-line argument
[Package Manager] Unable to send message (not connected to server process).
[Package Manager] Cannot connect to Unity Package Manager local server
Mono: successfully reloaded assembly
- Finished resetting the current domain, in  2.860 seconds
Domain Reload Profiling: 4639ms
	BeginReloadAssembly (451ms)
		ExecutionOrderSort (0ms)
		DisableScriptedObjects (34ms)
		BackupInstance (0ms)
		ReleaseScriptingObjects (0ms)
		CreateAndSetChildDomain (96ms)
	RebuildCommonClasses (68ms)
	RebuildNativeTypeToScriptingClass (25ms)
	initialDomainReloadingComplete (64ms)
	LoadAllAssembliesAndSetupDomain (1170ms)
		LoadAssemblies (903ms)
		RebuildTransferFunctionScriptingTraits (0ms)
		AnalyzeDomain (460ms)
			TypeCache.Refresh (10ms)
				TypeCache.ScanAssembly (0ms)
			BuildScriptInfoCaches (415ms)
			ResolveRequiredComponents (23ms)
	FinalizeReload (2862ms)
		ReleaseScriptCaches (0ms)
		RebuildScriptCaches (0ms)
		SetupLoadedEditorAssemblies (2308ms)
			LogAssemblyErrors (0ms)
			InitializePlatformSupportModulesInManaged (9ms)
			SetLoadedEditorAssemblies (14ms)
			BeforeProcessingInitializeOnLoad (632ms)
			ProcessInitializeOnLoadAttributes (1386ms)
			ProcessInitializeOnLoadMethodAttributes (234ms)
			AfterProcessingInitializeOnLoad (32ms)
			EditorAssembliesLoaded (1ms)
		ExecutionOrderSort2 (0ms)
		AwakeInstancesAfterBackupRestoration (47ms)
Refreshing native plugins compatible for Editor in 7.63 ms, found 4 plugins.
Preloading 0 native plugins for Editor in 0.00 ms.
Unloading 30 Unused Serialized files (Serialized files now loaded: 0)
Unloading 6733 unused Assets / (7.3 MB). Loaded Objects now: 7490.
Memory consumption went from 151.1 MB to 143.8 MB.
Total: 29.957500 ms (FindLiveObjects: 1.779100 ms CreateObjectMapping: 3.155600 ms MarkObjects: 14.650100 ms  DeleteObjects: 10.370300 ms)

Prepare: number of updated asset objects reloaded= 0
========================================================================
Received Prepare
Begin MonoManager ReloadAssembly
[Licensing::Client] Successfully resolved entitlement details
[Licensing::Module] License group:
  Id: F4-4ZE3-57FW-3TRY-TK6S-XXXX
  Product: Unity Personal
  Type: ULF
  Expiration: Unlimited
[Licensing::Module] License group:
  Id: 6872800998164-UnityPersXXXX
  Product: Unity Personal
  Type: Assigned
  Expiration: Unlimited
- Loaded All Assemblies, in  2.638 seconds
Refreshing native plugins compatible for Editor in 5.00 ms, found 4 plugins.
Native extension for WindowsStandalone target not found
[Package Manager] Failed to launch server process. Reason: Unity was launched with the -noUpm command-line argument
[Package Manager] Unable to send message (not connected to server process).
[Package Manager] Cannot connect to Unity Package Manager local server
Mono: successfully reloaded assembly
- Finished resetting the current domain, in  1.572 seconds
Domain Reload Profiling: 4204ms
	BeginReloadAssembly (761ms)
		ExecutionOrderSort (0ms)
		DisableScriptedObjects (71ms)
		BackupInstance (0ms)
		ReleaseScriptingObjects (2ms)
		CreateAndSetChildDomain (229ms)
	RebuildCommonClasses (70ms)
	RebuildNativeTypeToScriptingClass (32ms)
	initialDomainReloadingComplete (86ms)
	LoadAllAssembliesAndSetupDomain (1682ms)
		LoadAssemblies (1140ms)
		RebuildTransferFunctionScriptingTraits (0ms)
		AnalyzeDomain (792ms)
			TypeCache.Refresh (63ms)
				TypeCache.ScanAssembly (1ms)
			BuildScriptInfoCaches (687ms)
			ResolveRequiredComponents (24ms)
	FinalizeReload (1573ms)
		ReleaseScriptCaches (0ms)
		RebuildScriptCaches (0ms)
		SetupLoadedEditorAssemblies (1231ms)
			LogAssemblyErrors (0ms)
			InitializePlatformSupportModulesInManaged (4ms)
			SetLoadedEditorAssemblies (9ms)
			BeforeProcessingInitializeOnLoad (342ms)
			ProcessInitializeOnLoadAttributes (725ms)
			ProcessInitializeOnLoadMethodAttributes (136ms)
			AfterProcessingInitializeOnLoad (15ms)
			EditorAssembliesLoaded (1ms)
		ExecutionOrderSort2 (0ms)
		AwakeInstancesAfterBackupRestoration (33ms)
Refreshing native plugins compatible for Editor in 5.20 ms, found 4 plugins.
Preloading 0 native plugins for Editor in 0.00 ms.
Unloading 30 Unused Serialized files (Serialized files now loaded: 0)
Unloading 6733 unused Assets / (6.4 MB). Loaded Objects now: 7493.
Memory consumption went from 151.1 MB to 144.7 MB.
Total: 27.203100 ms (FindLiveObjects: 1.623200 ms CreateObjectMapping: 1.821200 ms MarkObjects: 14.806400 ms  DeleteObjects: 8.950600 ms)

Prepare: number of updated asset objects reloaded= 0
========================================================================
Received Prepare
Begin MonoManager ReloadAssembly
- Loaded All Assemblies, in  1.809 seconds
Refreshing native plugins compatible for Editor in 3.99 ms, found 4 plugins.
Native extension for WindowsStandalone target not found
[Package Manager] Failed to launch server process. Reason: Unity was launched with the -noUpm command-line argument
[Package Manager] Unable to send message (not connected to server process).
[Package Manager] Cannot connect to Unity Package Manager local server
Mono: successfully reloaded assembly
- Finished resetting the current domain, in  2.569 seconds
Domain Reload Profiling: 4369ms
	BeginReloadAssembly (457ms)
		ExecutionOrderSort (0ms)
		DisableScriptedObjects (29ms)
		BackupInstance (0ms)
		ReleaseScriptingObjects (0ms)
		CreateAndSetChildDomain (92ms)
	RebuildCommonClasses (90ms)
	RebuildNativeTypeToScriptingClass (32ms)
	initialDomainReloadingComplete (64ms)
	LoadAllAssembliesAndSetupDomain (1155ms)
		LoadAssemblies (876ms)
		RebuildTransferFunctionScriptingTraits (0ms)
		AnalyzeDomain (500ms)
			TypeCache.Refresh (11ms)
				TypeCache.ScanAssembly (0ms)
			BuildScriptInfoCaches (450ms)
			ResolveRequiredComponents (28ms)
	FinalizeReload (2571ms)
		ReleaseScriptCaches (0ms)
		RebuildScriptCaches (0ms)
		SetupLoadedEditorAssemblies (2033ms)
			LogAssemblyErrors (0ms)
			InitializePlatformSupportModulesInManaged (7ms)
			SetLoadedEditorAssemblies (10ms)
			BeforeProcessingInitializeOnLoad (526ms)
			ProcessInitializeOnLoadAttributes (1229ms)
			ProcessInitializeOnLoadMethodAttributes (232ms)
			AfterProcessingInitializeOnLoad (27ms)
			EditorAssembliesLoaded (1ms)
		ExecutionOrderSort2 (0ms)
		AwakeInstancesAfterBackupRestoration (55ms)
Refreshing native plugins compatible for Editor in 3.71 ms, found 4 plugins.
Preloading 0 native plugins for Editor in 0.00 ms.
Unloading 30 Unused Serialized files (Serialized files now loaded: 0)
Unloading 6733 unused Assets / (7.7 MB). Loaded Objects now: 7496.
Memory consumption went from 151.1 MB to 143.5 MB.
Total: 17.399300 ms (FindLiveObjects: 1.426100 ms CreateObjectMapping: 2.189200 ms MarkObjects: 6.777300 ms  DeleteObjects: 7.005100 ms)

Prepare: number of updated asset objects reloaded= 0
========================================================================
Received Prepare
Begin MonoManager ReloadAssembly
[Licensing::Client] Successfully resolved entitlement details
[Licensing::Module] License group:
  Id: F4-4ZE3-57FW-3TRY-TK6S-XXXX
  Product: Unity Personal
  Type: ULF
  Expiration: Unlimited
[Licensing::Module] License group:
  Id: 6872800998164-UnityPersXXXX
  Product: Unity Personal
  Type: Assigned
  Expiration: Unlimited
- Loaded All Assemblies, in  3.805 seconds
Refreshing native plugins compatible for Editor in 4.66 ms, found 4 plugins.
Native extension for WindowsStandalone target not found
[Package Manager] Failed to launch server process. Reason: Unity was launched with the -noUpm command-line argument
[Package Manager] Unable to send message (not connected to server process).
[Package Manager] Cannot connect to Unity Package Manager local server
Mono: successfully reloaded assembly
- Finished resetting the current domain, in  1.988 seconds
Domain Reload Profiling: 5792ms
	BeginReloadAssembly (1063ms)
		ExecutionOrderSort (0ms)
		DisableScriptedObjects (161ms)
		BackupInstance (0ms)
		ReleaseScriptingObjects (1ms)
		CreateAndSetChildDomain (399ms)
	RebuildCommonClasses (93ms)
	RebuildNativeTypeToScriptingClass (23ms)
	initialDomainReloadingComplete (73ms)
	LoadAllAssembliesAndSetupDomain (2550ms)
		LoadAssemblies (1909ms)
		RebuildTransferFunctionScriptingTraits (0ms)
		AnalyzeDomain (915ms)
			TypeCache.Refresh (65ms)
				TypeCache.ScanAssembly (2ms)
			BuildScriptInfoCaches (812ms)
			ResolveRequiredComponents (23ms)
	FinalizeReload (1989ms)
		ReleaseScriptCaches (0ms)
		RebuildScriptCaches (0ms)
		SetupLoadedEditorAssemblies (1647ms)
			LogAssemblyErrors (0ms)
			InitializePlatformSupportModulesInManaged (30ms)
			SetLoadedEditorAssemblies (25ms)
			BeforeProcessingInitializeOnLoad (375ms)
			ProcessInitializeOnLoadAttributes (1082ms)
			ProcessInitializeOnLoadMethodAttributes (119ms)
			AfterProcessingInitializeOnLoad (15ms)
			EditorAssembliesLoaded (1ms)
		ExecutionOrderSort2 (0ms)
		AwakeInstancesAfterBackupRestoration (31ms)
Refreshing native plugins compatible for Editor in 5.17 ms, found 4 plugins.
Preloading 0 native plugins for Editor in 0.00 ms.
Unloading 30 Unused Serialized files (Serialized files now loaded: 0)
Unloading 6734 unused Assets / (7.5 MB). Loaded Objects now: 7500.
Memory consumption went from 151.2 MB to 143.7 MB.
Total: 21.320300 ms (FindLiveObjects: 1.181500 ms CreateObjectMapping: 1.688600 ms MarkObjects: 10.379200 ms  DeleteObjects: 8.069200 ms)

Prepare: number of updated asset objects reloaded= 0
========================================================================
Received Prepare
Begin MonoManager ReloadAssembly
- Loaded All Assemblies, in  1.711 seconds
Refreshing native plugins compatible for Editor in 5.61 ms, found 4 plugins.
Native extension for WindowsStandalone target not found
[Package Manager] Failed to launch server process. Reason: Unity was launched with the -noUpm command-line argument
[Package Manager] Unable to send message (not connected to server process).
[Package Manager] Cannot connect to Unity Package Manager local server
Mono: successfully reloaded assembly
- Finished resetting the current domain, in  2.602 seconds
Domain Reload Profiling: 4299ms
	BeginReloadAssembly (424ms)
		ExecutionOrderSort (0ms)
		DisableScriptedObjects (31ms)
		BackupInstance (0ms)
		ReleaseScriptingObjects (0ms)
		CreateAndSetChildDomain (81ms)
	RebuildCommonClasses (84ms)
	RebuildNativeTypeToScriptingClass (23ms)
	initialDomainReloadingComplete (67ms)
	LoadAllAssembliesAndSetupDomain (1097ms)
		LoadAssemblies (830ms)
		RebuildTransferFunctionScriptingTraits (0ms)
		AnalyzeDomain (465ms)
			TypeCache.Refresh (12ms)
				TypeCache.ScanAssembly (0ms)
			BuildScriptInfoCaches (424ms)
			ResolveRequiredComponents (22ms)
	FinalizeReload (2604ms)
		ReleaseScriptCaches (0ms)
		RebuildScriptCaches (0ms)
		SetupLoadedEditorAssemblies (2189ms)
			LogAssemblyErrors (0ms)
			InitializePlatformSupportModulesInManaged (7ms)
			SetLoadedEditorAssemblies (13ms)
			BeforeProcessingInitializeOnLoad (523ms)
			ProcessInitializeOnLoadAttributes (1370ms)
			ProcessInitializeOnLoadMethodAttributes (245ms)
			AfterProcessingInitializeOnLoad (30ms)
			EditorAssembliesLoaded (1ms)
		ExecutionOrderSort2 (0ms)
		AwakeInstancesAfterBackupRestoration (70ms)
Refreshing native plugins compatible for Editor in 8.53 ms, found 4 plugins.
Preloading 0 native plugins for Editor in 0.00 ms.
Unloading 30 Unused Serialized files (Serialized files now loaded: 0)
Unloading 6734 unused Assets / (8.0 MB). Loaded Objects now: 7503.
Memory consumption went from 151.2 MB to 143.1 MB.
Total: 39.903200 ms (FindLiveObjects: 5.085200 ms CreateObjectMapping: 3.541100 ms MarkObjects: 15.881200 ms  DeleteObjects: 15.393700 ms)

Prepare: number of updated asset objects reloaded= 0
========================================================================
Received Prepare
Begin MonoManager ReloadAssembly
[Licensing::Client] Successfully resolved entitlement details
[Licensing::Module] License group:
  Id: F4-4ZE3-57FW-3TRY-TK6S-XXXX
  Product: Unity Personal
  Type: ULF
  Expiration: Unlimited
[Licensing::Module] License group:
  Id: 6872800998164-UnityPersXXXX
  Product: Unity Personal
  Type: Assigned
  Expiration: Unlimited
- Loaded All Assemblies, in  2.037 seconds
Refreshing native plugins compatible for Editor in 4.39 ms, found 4 plugins.
Native extension for WindowsStandalone target not found
[Package Manager] Failed to launch server process. Reason: Unity was launched with the -noUpm command-line argument
[Package Manager] Unable to send message (not connected to server process).
[Package Manager] Cannot connect to Unity Package Manager local server
Mono: successfully reloaded assembly
- Finished resetting the current domain, in  1.468 seconds
Domain Reload Profiling: 3503ms
	BeginReloadAssembly (568ms)
		ExecutionOrderSort (0ms)
		DisableScriptedObjects (55ms)
		BackupInstance (0ms)
		ReleaseScriptingObjects (1ms)
		CreateAndSetChildDomain (96ms)
	RebuildCommonClasses (93ms)
	RebuildNativeTypeToScriptingClass (30ms)
	initialDomainReloadingComplete (86ms)
	LoadAllAssembliesAndSetupDomain (1257ms)
		LoadAssemblies (980ms)
		RebuildTransferFunctionScriptingTraits (0ms)
		AnalyzeDomain (530ms)
			TypeCache.Refresh (29ms)
				TypeCache.ScanAssembly (1ms)
			BuildScriptInfoCaches (469ms)
			ResolveRequiredComponents (23ms)
	FinalizeReload (1469ms)
		ReleaseScriptCaches (0ms)
		RebuildScriptCaches (0ms)
		SetupLoadedEditorAssemblies (1171ms)
			LogAssemblyErrors (0ms)
			InitializePlatformSupportModulesInManaged (3ms)
			SetLoadedEditorAssemblies (6ms)
			BeforeProcessingInitializeOnLoad (287ms)
			ProcessInitializeOnLoadAttributes (724ms)
			ProcessInitializeOnLoadMethodAttributes (128ms)
			AfterProcessingInitializeOnLoad (20ms)
			EditorAssembliesLoaded (2ms)
		ExecutionOrderSort2 (0ms)
		AwakeInstancesAfterBackupRestoration (37ms)
Refreshing native plugins compatible for Editor in 4.66 ms, found 4 plugins.
Preloading 0 native plugins for Editor in 0.00 ms.
Unloading 30 Unused Serialized files (Serialized files now loaded: 0)
Unloading 6734 unused Assets / (6.6 MB). Loaded Objects now: 7506.
Memory consumption went from 151.3 MB to 144.6 MB.
Total: 21.209000 ms (FindLiveObjects: 1.242800 ms CreateObjectMapping: 1.822300 ms MarkObjects: 10.836100 ms  DeleteObjects: 7.306600 ms)

Prepare: number of updated asset objects reloaded= 0
========================================================================
Received Prepare
Begin MonoManager ReloadAssembly
- Loaded All Assemblies, in  1.804 seconds
Refreshing native plugins compatible for Editor in 7.13 ms, found 4 plugins.
Native extension for WindowsStandalone target not found
[Package Manager] Failed to launch server process. Reason: Unity was launched with the -noUpm command-line argument
[Package Manager] Unable to send message (not connected to server process).
[Package Manager] Cannot connect to Unity Package Manager local server
Mono: successfully reloaded assembly
- Finished resetting the current domain, in  2.726 seconds
Domain Reload Profiling: 4519ms
	BeginReloadAssembly (410ms)
		ExecutionOrderSort (0ms)
		DisableScriptedObjects (29ms)
		BackupInstance (0ms)
		ReleaseScriptingObjects (0ms)
		CreateAndSetChildDomain (88ms)
	RebuildCommonClasses (77ms)
	RebuildNativeTypeToScriptingClass (25ms)
	initialDomainReloadingComplete (64ms)
	LoadAllAssembliesAndSetupDomain (1216ms)
		LoadAssemblies (854ms)
		RebuildTransferFunctionScriptingTraits (0ms)
		AnalyzeDomain (542ms)
			TypeCache.Refresh (14ms)
				TypeCache.ScanAssembly (0ms)
			BuildScriptInfoCaches (498ms)
			ResolveRequiredComponents (22ms)
	FinalizeReload (2727ms)
		ReleaseScriptCaches (0ms)
		RebuildScriptCaches (0ms)
		SetupLoadedEditorAssemblies (2281ms)
			LogAssemblyErrors (0ms)
			InitializePlatformSupportModulesInManaged (7ms)
			SetLoadedEditorAssemblies (14ms)
			BeforeProcessingInitializeOnLoad (608ms)
			ProcessInitializeOnLoadAttributes (1390ms)
			ProcessInitializeOnLoadMethodAttributes (232ms)
			AfterProcessingInitializeOnLoad (29ms)
			EditorAssembliesLoaded (1ms)
		ExecutionOrderSort2 (0ms)
		AwakeInstancesAfterBackupRestoration (57ms)
Refreshing native plugins compatible for Editor in 9.34 ms, found 4 plugins.
Preloading 0 native plugins for Editor in 0.00 ms.
Unloading 30 Unused Serialized files (Serialized files now loaded: 0)
Unloading 6734 unused Assets / (8.5 MB). Loaded Objects now: 7509.
Memory consumption went from 151.3 MB to 142.8 MB.
Total: 36.028800 ms (FindLiveObjects: 2.383300 ms CreateObjectMapping: 4.816600 ms MarkObjects: 12.420100 ms  DeleteObjects: 16.406900 ms)

Prepare: number of updated asset objects reloaded= 0
========================================================================
Received Prepare
Refreshing native plugins compatible for Editor in 11.36 ms, found 4 plugins.
Preloading 0 native plugins for Editor in 0.00 ms.
Unloading 30 Unused Serialized files (Serialized files now loaded: 0)
Unloading 6724 unused Assets / (7.9 MB). Loaded Objects now: 7509.
Memory consumption went from 151.5 MB to 143.6 MB.
Total: 508.092000 ms (FindLiveObjects: 5.315900 ms CreateObjectMapping: 2.181400 ms MarkObjects: 485.921900 ms  DeleteObjects: 14.670400 ms)

Prepare: number of updated asset objects reloaded= 0
========================================================================
Received Prepare
Begin MonoManager ReloadAssembly
[Licensing::Client] Successfully resolved entitlement details
[Licensing::Module] License group:
  Id: F4-4ZE3-57FW-3TRY-TK6S-XXXX
  Product: Unity Personal
  Type: ULF
  Expiration: Unlimited
[Licensing::Module] License group:
  Id: 6872800998164-UnityPersXXXX
  Product: Unity Personal
  Type: Assigned
  Expiration: Unlimited
- Loaded All Assemblies, in  6.439 seconds
Refreshing native plugins compatible for Editor in 4.60 ms, found 4 plugins.
Native extension for WindowsStandalone target not found
[Package Manager] Failed to launch server process. Reason: Unity was launched with the -noUpm command-line argument
[Package Manager] Unable to send message (not connected to server process).
[Package Manager] Cannot connect to Unity Package Manager local server
Mono: successfully reloaded assembly
- Finished resetting the current domain, in  1.621 seconds
Domain Reload Profiling: 8050ms
	BeginReloadAssembly (2191ms)
		ExecutionOrderSort (0ms)
		DisableScriptedObjects (402ms)
		BackupInstance (0ms)
		ReleaseScriptingObjects (1ms)
		CreateAndSetChildDomain (886ms)
	RebuildCommonClasses (86ms)
	RebuildNativeTypeToScriptingClass (29ms)
	initialDomainReloadingComplete (97ms)
	LoadAllAssembliesAndSetupDomain (4026ms)
		LoadAssemblies (3446ms)
		RebuildTransferFunctionScriptingTraits (0ms)
		AnalyzeDomain (1109ms)
			TypeCache.Refresh (44ms)
				TypeCache.ScanAssembly (1ms)
			BuildScriptInfoCaches (1023ms)
			ResolveRequiredComponents (28ms)
	FinalizeReload (1622ms)
		ReleaseScriptCaches (0ms)
		RebuildScriptCaches (0ms)
		SetupLoadedEditorAssemblies (1311ms)
			LogAssemblyErrors (0ms)
			InitializePlatformSupportModulesInManaged (5ms)
			SetLoadedEditorAssemblies (11ms)
			BeforeProcessingInitializeOnLoad (322ms)
			ProcessInitializeOnLoadAttributes (845ms)
			ProcessInitializeOnLoadMethodAttributes (113ms)
			AfterProcessingInitializeOnLoad (15ms)
			EditorAssembliesLoaded (1ms)
		ExecutionOrderSort2 (0ms)
		AwakeInstancesAfterBackupRestoration (36ms)
Refreshing native plugins compatible for Editor in 4.03 ms, found 4 plugins.
Preloading 0 native plugins for Editor in 0.00 ms.
Unloading 30 Unused Serialized files (Serialized files now loaded: 0)
Unloading 6734 unused Assets / (7.9 MB). Loaded Objects now: 7512.
Memory consumption went from 151.3 MB to 143.4 MB.
Total: 63.966500 ms (FindLiveObjects: 4.843200 ms CreateObjectMapping: 4.690500 ms MarkObjects: 26.324500 ms  DeleteObjects: 28.104000 ms)

Prepare: number of updated asset objects reloaded= 0
========================================================================
Received Prepare
Begin MonoManager ReloadAssembly
- Loaded All Assemblies, in  2.452 seconds
Refreshing native plugins compatible for Editor in 10.05 ms, found 4 plugins.
Native extension for WindowsStandalone target not found
[Package Manager] Failed to launch server process. Reason: Unity was launched with the -noUpm command-line argument
[Package Manager] Unable to send message (not connected to server process).
[Package Manager] Cannot connect to Unity Package Manager local server
Mono: successfully reloaded assembly
- Finished resetting the current domain, in  3.929 seconds
Domain Reload Profiling: 6375ms
	BeginReloadAssembly (693ms)
		ExecutionOrderSort (0ms)
		DisableScriptedObjects (37ms)
		BackupInstance (0ms)
		ReleaseScriptingObjects (0ms)
		CreateAndSetChildDomain (270ms)
	RebuildCommonClasses (83ms)
	RebuildNativeTypeToScriptingClass (25ms)
	initialDomainReloadingComplete (78ms)
	LoadAllAssembliesAndSetupDomain (1565ms)
		LoadAssemblies (1195ms)
		RebuildTransferFunctionScriptingTraits (0ms)
		AnalyzeDomain (606ms)
			TypeCache.Refresh (11ms)
				TypeCache.ScanAssembly (0ms)
			BuildScriptInfoCaches (543ms)
			ResolveRequiredComponents (40ms)
	FinalizeReload (3931ms)
		ReleaseScriptCaches (0ms)
		RebuildScriptCaches (0ms)
		SetupLoadedEditorAssemblies (3299ms)
			LogAssemblyErrors (0ms)
			InitializePlatformSupportModulesInManaged (8ms)
			SetLoadedEditorAssemblies (15ms)
			BeforeProcessingInitializeOnLoad (752ms)
			ProcessInitializeOnLoadAttributes (2145ms)
			ProcessInitializeOnLoadMethodAttributes (331ms)
			AfterProcessingInitializeOnLoad (47ms)
			EditorAssembliesLoaded (1ms)
		ExecutionOrderSort2 (0ms)
		AwakeInstancesAfterBackupRestoration (72ms)
Refreshing native plugins compatible for Editor in 10.06 ms, found 4 plugins.
Preloading 0 native plugins for Editor in 0.00 ms.
Unloading 30 Unused Serialized files (Serialized files now loaded: 0)
Unloading 6734 unused Assets / (7.9 MB). Loaded Objects now: 7515.
Memory consumption went from 151.4 MB to 143.4 MB.
Total: 49.972400 ms (FindLiveObjects: 4.419600 ms CreateObjectMapping: 4.912500 ms MarkObjects: 22.089200 ms  DeleteObjects: 18.546600 ms)

Prepare: number of updated asset objects reloaded= 0
========================================================================
Received Prepare
Begin MonoManager ReloadAssembly
[Licensing::Client] Successfully resolved entitlement details
[Licensing::Module] License group:
  Id: F4-4ZE3-57FW-3TRY-TK6S-XXXX
  Product: Unity Personal
  Type: ULF
  Expiration: Unlimited
[Licensing::Module] License group:
  Id: 6872800998164-UnityPersXXXX
  Product: Unity Personal
  Type: Assigned
  Expiration: Unlimited
- Loaded All Assemblies, in  5.726 seconds
Refreshing native plugins compatible for Editor in 7.21 ms, found 4 plugins.
Native extension for WindowsStandalone target not found
[Package Manager] Failed to launch server process. Reason: Unity was launched with the -noUpm command-line argument
[Package Manager] Unable to send message (not connected to server process).
[Package Manager] Cannot connect to Unity Package Manager local server
Mono: successfully reloaded assembly
- Finished resetting the current domain, in  2.278 seconds
Domain Reload Profiling: 8004ms
	BeginReloadAssembly (1839ms)
		ExecutionOrderSort (0ms)
		DisableScriptedObjects (240ms)
		BackupInstance (0ms)
		ReleaseScriptingObjects (3ms)
		CreateAndSetChildDomain (775ms)
	RebuildCommonClasses (125ms)
	RebuildNativeTypeToScriptingClass (33ms)
	initialDomainReloadingComplete (113ms)
	LoadAllAssembliesAndSetupDomain (3616ms)
		LoadAssemblies (2406ms)
		RebuildTransferFunctionScriptingTraits (0ms)
		AnalyzeDomain (1645ms)
			TypeCache.Refresh (210ms)
				TypeCache.ScanAssembly (5ms)
			BuildScriptInfoCaches (1357ms)
			ResolveRequiredComponents (34ms)
	FinalizeReload (2279ms)
		ReleaseScriptCaches (0ms)
		RebuildScriptCaches (0ms)
		SetupLoadedEditorAssemblies (1738ms)
			LogAssemblyErrors (0ms)
			InitializePlatformSupportModulesInManaged (18ms)
			SetLoadedEditorAssemblies (25ms)
			BeforeProcessingInitializeOnLoad (600ms)
			ProcessInitializeOnLoadAttributes (954ms)
			ProcessInitializeOnLoadMethodAttributes (125ms)
			AfterProcessingInitializeOnLoad (15ms)
			EditorAssembliesLoaded (1ms)
		ExecutionOrderSort2 (0ms)
		AwakeInstancesAfterBackupRestoration (40ms)
Refreshing native plugins compatible for Editor in 4.68 ms, found 4 plugins.
Preloading 0 native plugins for Editor in 0.00 ms.
Unloading 30 Unused Serialized files (Serialized files now loaded: 0)
Unloading 6735 unused Assets / (7.4 MB). Loaded Objects now: 7519.
Memory consumption went from 151.4 MB to 144.0 MB.
Total: 25.640400 ms (FindLiveObjects: 2.363600 ms CreateObjectMapping: 1.796100 ms MarkObjects: 12.825500 ms  DeleteObjects: 8.653600 ms)

Prepare: number of updated asset objects reloaded= 0
========================================================================
Received Prepare
Begin MonoManager ReloadAssembly
- Loaded All Assemblies, in  1.954 seconds
Refreshing native plugins compatible for Editor in 3.85 ms, found 4 plugins.
Native extension for WindowsStandalone target not found
[Package Manager] Failed to launch server process. Reason: Unity was launched with the -noUpm command-line argument
[Package Manager] Unable to send message (not connected to server process).
[Package Manager] Cannot connect to Unity Package Manager local server
Mono: successfully reloaded assembly
- Finished resetting the current domain, in  2.336 seconds
Domain Reload Profiling: 4281ms
	BeginReloadAssembly (548ms)
		ExecutionOrderSort (0ms)
		DisableScriptedObjects (31ms)
		BackupInstance (0ms)
		ReleaseScriptingObjects (0ms)
		CreateAndSetChildDomain (90ms)
	RebuildCommonClasses (117ms)
	RebuildNativeTypeToScriptingClass (24ms)
	initialDomainReloadingComplete (77ms)
	LoadAllAssembliesAndSetupDomain (1179ms)
		LoadAssemblies (1016ms)
		RebuildTransferFunctionScriptingTraits (0ms)
		AnalyzeDomain (457ms)
			TypeCache.Refresh (11ms)
				TypeCache.ScanAssembly (0ms)
			BuildScriptInfoCaches (410ms)
			ResolveRequiredComponents (28ms)
	FinalizeReload (2337ms)
		ReleaseScriptCaches (0ms)
		RebuildScriptCaches (0ms)
		SetupLoadedEditorAssemblies (1935ms)
			LogAssemblyErrors (0ms)
			InitializePlatformSupportModulesInManaged (5ms)
			SetLoadedEditorAssemblies (8ms)
			BeforeProcessingInitializeOnLoad (389ms)
			ProcessInitializeOnLoadAttributes (1284ms)
			ProcessInitializeOnLoadMethodAttributes (221ms)
			AfterProcessingInitializeOnLoad (28ms)
			EditorAssembliesLoaded (1ms)
		ExecutionOrderSort2 (0ms)
		AwakeInstancesAfterBackupRestoration (58ms)
Refreshing native plugins compatible for Editor in 8.70 ms, found 4 plugins.
Preloading 0 native plugins for Editor in 0.00 ms.
Unloading 30 Unused Serialized files (Serialized files now loaded: 0)
Unloading 6735 unused Assets / (8.0 MB). Loaded Objects now: 7522.
Memory consumption went from 151.4 MB to 143.4 MB.
Total: 40.133200 ms (FindLiveObjects: 1.911900 ms CreateObjectMapping: 3.942500 ms MarkObjects: 17.158900 ms  DeleteObjects: 17.118100 ms)

Prepare: number of updated asset objects reloaded= 0
========================================================================
Received Prepare
Begin MonoManager ReloadAssembly
[Licensing::Client] Successfully resolved entitlement details
[Licensing::Module] License group:
  Id: F4-4ZE3-57FW-3TRY-TK6S-XXXX
  Product: Unity Personal
  Type: ULF
  Expiration: Unlimited
[Licensing::Module] License group:
  Id: 6872800998164-UnityPersXXXX
  Product: Unity Personal
  Type: Assigned
  Expiration: Unlimited
- Loaded All Assemblies, in  4.615 seconds
Refreshing native plugins compatible for Editor in 9.05 ms, found 4 plugins.
Native extension for WindowsStandalone target not found
[Package Manager] Failed to launch server process. Reason: Unity was launched with the -noUpm command-line argument
[Package Manager] Unable to send message (not connected to server process).
[Package Manager] Cannot connect to Unity Package Manager local server
Mono: successfully reloaded assembly
- Finished resetting the current domain, in  2.108 seconds
Domain Reload Profiling: 6722ms
	BeginReloadAssembly (1445ms)
		ExecutionOrderSort (0ms)
		DisableScriptedObjects (172ms)
		BackupInstance (0ms)
		ReleaseScriptingObjects (1ms)
		CreateAndSetChildDomain (564ms)
	RebuildCommonClasses (88ms)
	RebuildNativeTypeToScriptingClass (30ms)
	initialDomainReloadingComplete (84ms)
	LoadAllAssembliesAndSetupDomain (2966ms)
		LoadAssemblies (2485ms)
		RebuildTransferFunctionScriptingTraits (0ms)
		AnalyzeDomain (746ms)
			TypeCache.Refresh (44ms)
				TypeCache.ScanAssembly (2ms)
			BuildScriptInfoCaches (637ms)
			ResolveRequiredComponents (38ms)
	FinalizeReload (2109ms)
		ReleaseScriptCaches (0ms)
		RebuildScriptCaches (0ms)
		SetupLoadedEditorAssemblies (1776ms)
			LogAssemblyErrors (0ms)
			InitializePlatformSupportModulesInManaged (4ms)
			SetLoadedEditorAssemblies (8ms)
			BeforeProcessingInitializeOnLoad (332ms)
			ProcessInitializeOnLoadAttributes (1260ms)
			ProcessInitializeOnLoadMethodAttributes (154ms)
			AfterProcessingInitializeOnLoad (18ms)
			EditorAssembliesLoaded (1ms)
		ExecutionOrderSort2 (0ms)
		AwakeInstancesAfterBackupRestoration (43ms)
Refreshing native plugins compatible for Editor in 3.50 ms, found 4 plugins.
Preloading 0 native plugins for Editor in 0.00 ms.
Unloading 30 Unused Serialized files (Serialized files now loaded: 0)
Unloading 6735 unused Assets / (7.0 MB). Loaded Objects now: 7525.
Memory consumption went from 151.5 MB to 144.6 MB.
Total: 17.353600 ms (FindLiveObjects: 1.520300 ms CreateObjectMapping: 1.641400 ms MarkObjects: 7.750600 ms  DeleteObjects: 6.439400 ms)

Prepare: number of updated asset objects reloaded= 0
========================================================================
Received Prepare
Begin MonoManager ReloadAssembly
- Loaded All Assemblies, in  1.781 seconds
Refreshing native plugins compatible for Editor in 5.57 ms, found 4 plugins.
Native extension for WindowsStandalone target not found
[Package Manager] Failed to launch server process. Reason: Unity was launched with the -noUpm command-line argument
[Package Manager] Unable to send message (not connected to server process).
[Package Manager] Cannot connect to Unity Package Manager local server
Mono: successfully reloaded assembly
- Finished resetting the current domain, in  2.886 seconds
Domain Reload Profiling: 4659ms
	BeginReloadAssembly (478ms)
		ExecutionOrderSort (0ms)
		DisableScriptedObjects (30ms)
		BackupInstance (0ms)
		ReleaseScriptingObjects (0ms)
		CreateAndSetChildDomain (93ms)
	RebuildCommonClasses (94ms)
	RebuildNativeTypeToScriptingClass (27ms)
	initialDomainReloadingComplete (63ms)
	LoadAllAssembliesAndSetupDomain (1110ms)
		LoadAssemblies (893ms)
		RebuildTransferFunctionScriptingTraits (0ms)
		AnalyzeDomain (454ms)
			TypeCache.Refresh (12ms)
				TypeCache.ScanAssembly (0ms)
			BuildScriptInfoCaches (413ms)
			ResolveRequiredComponents (21ms)
	FinalizeReload (2888ms)
		ReleaseScriptCaches (0ms)
		RebuildScriptCaches (0ms)
		SetupLoadedEditorAssemblies (2337ms)
			LogAssemblyErrors (0ms)
			InitializePlatformSupportModulesInManaged (8ms)
			SetLoadedEditorAssemblies (17ms)
			BeforeProcessingInitializeOnLoad (567ms)
			ProcessInitializeOnLoadAttributes (1403ms)
			ProcessInitializeOnLoadMethodAttributes (302ms)
			AfterProcessingInitializeOnLoad (37ms)
			EditorAssembliesLoaded (2ms)
		ExecutionOrderSort2 (0ms)
		AwakeInstancesAfterBackupRestoration (74ms)
Refreshing native plugins compatible for Editor in 8.78 ms, found 4 plugins.
Preloading 0 native plugins for Editor in 0.00 ms.
Unloading 30 Unused Serialized files (Serialized files now loaded: 0)
Unloading 6735 unused Assets / (8.2 MB). Loaded Objects now: 7528.
Memory consumption went from 151.6 MB to 143.4 MB.
Total: 37.040600 ms (FindLiveObjects: 2.659300 ms CreateObjectMapping: 5.441500 ms MarkObjects: 15.277900 ms  DeleteObjects: 13.659700 ms)

Prepare: number of updated asset objects reloaded= 0
========================================================================
Received Prepare
Begin MonoManager ReloadAssembly
[Licensing::Client] Successfully resolved entitlement details
[Licensing::Module] License group:
  Id: F4-4ZE3-57FW-3TRY-TK6S-XXXX
  Product: Unity Personal
  Type: ULF
  Expiration: Unlimited
[Licensing::Module] License group:
  Id: 6872800998164-UnityPersXXXX
  Product: Unity Personal
  Type: Assigned
  Expiration: Unlimited
- Loaded All Assemblies, in  3.649 seconds
Refreshing native plugins compatible for Editor in 5.31 ms, found 4 plugins.
Native extension for WindowsStandalone target not found
[Package Manager] Failed to launch server process. Reason: Unity was launched with the -noUpm command-line argument
[Package Manager] Unable to send message (not connected to server process).
[Package Manager] Cannot connect to Unity Package Manager local server
Mono: successfully reloaded assembly
- Finished resetting the current domain, in  2.014 seconds
Domain Reload Profiling: 5666ms
	BeginReloadAssembly (956ms)
		ExecutionOrderSort (0ms)
		DisableScriptedObjects (106ms)
		BackupInstance (0ms)
		ReleaseScriptingObjects (1ms)
		CreateAndSetChildDomain (388ms)
	RebuildCommonClasses (90ms)
	RebuildNativeTypeToScriptingClass (31ms)
	initialDomainReloadingComplete (74ms)
	LoadAllAssembliesAndSetupDomain (2501ms)
		LoadAssemblies (1310ms)
		RebuildTransferFunctionScriptingTraits (0ms)
		AnalyzeDomain (1445ms)
			TypeCache.Refresh (245ms)
				TypeCache.ScanAssembly (1ms)
			BuildScriptInfoCaches (1132ms)
			ResolveRequiredComponents (46ms)
	FinalizeReload (2015ms)
		ReleaseScriptCaches (0ms)
		RebuildScriptCaches (0ms)
		SetupLoadedEditorAssemblies (1559ms)
			LogAssemblyErrors (0ms)
			InitializePlatformSupportModulesInManaged (5ms)
			SetLoadedEditorAssemblies (14ms)
			BeforeProcessingInitializeOnLoad (526ms)
			ProcessInitializeOnLoadAttributes (861ms)
			ProcessInitializeOnLoadMethodAttributes (136ms)
			AfterProcessingInitializeOnLoad (17ms)
			EditorAssembliesLoaded (1ms)
		ExecutionOrderSort2 (0ms)
		AwakeInstancesAfterBackupRestoration (36ms)
Refreshing native plugins compatible for Editor in 4.68 ms, found 4 plugins.
Preloading 0 native plugins for Editor in 0.00 ms.
Unloading 30 Unused Serialized files (Serialized files now loaded: 0)
Unloading 6735 unused Assets / (9.6 MB). Loaded Objects now: 7531.
Memory consumption went from 151.6 MB to 142.0 MB.
Total: 25.487100 ms (FindLiveObjects: 1.763700 ms CreateObjectMapping: 2.918000 ms MarkObjects: 7.986600 ms  DeleteObjects: 12.816800 ms)

Prepare: number of updated asset objects reloaded= 0
========================================================================
Received Prepare
Begin MonoManager ReloadAssembly
- Loaded All Assemblies, in  1.787 seconds
Refreshing native plugins compatible for Editor in 5.67 ms, found 4 plugins.
Native extension for WindowsStandalone target not found
[Package Manager] Failed to launch server process. Reason: Unity was launched with the -noUpm command-line argument
[Package Manager] Unable to send message (not connected to server process).
[Package Manager] Cannot connect to Unity Package Manager local server
Mono: successfully reloaded assembly
- Finished resetting the current domain, in  3.021 seconds
Domain Reload Profiling: 4799ms
	BeginReloadAssembly (451ms)
		ExecutionOrderSort (0ms)
		DisableScriptedObjects (36ms)
		BackupInstance (0ms)
		ReleaseScriptingObjects (0ms)
		CreateAndSetChildDomain (89ms)
	RebuildCommonClasses (71ms)
	RebuildNativeTypeToScriptingClass (23ms)
	initialDomainReloadingComplete (63ms)
	LoadAllAssembliesAndSetupDomain (1167ms)
		LoadAssemblies (850ms)
		RebuildTransferFunctionScriptingTraits (0ms)
		AnalyzeDomain (522ms)
			TypeCache.Refresh (12ms)
				TypeCache.ScanAssembly (0ms)
			BuildScriptInfoCaches (483ms)
			ResolveRequiredComponents (19ms)
	FinalizeReload (3023ms)
		ReleaseScriptCaches (0ms)
		RebuildScriptCaches (0ms)
		SetupLoadedEditorAssemblies (2410ms)
			LogAssemblyErrors (0ms)
			InitializePlatformSupportModulesInManaged (8ms)
			SetLoadedEditorAssemblies (18ms)
			BeforeProcessingInitializeOnLoad (682ms)
			ProcessInitializeOnLoadAttributes (1434ms)
			ProcessInitializeOnLoadMethodAttributes (234ms)
			AfterProcessingInitializeOnLoad (33ms)
			EditorAssembliesLoaded (1ms)
		ExecutionOrderSort2 (0ms)
		AwakeInstancesAfterBackupRestoration (62ms)
Refreshing native plugins compatible for Editor in 6.10 ms, found 4 plugins.
Preloading 0 native plugins for Editor in 0.00 ms.
Unloading 30 Unused Serialized files (Serialized files now loaded: 0)
Unloading 6735 unused Assets / (7.5 MB). Loaded Objects now: 7534.
Memory consumption went from 151.5 MB to 144.1 MB.
Total: 77.051300 ms (FindLiveObjects: 1.859800 ms CreateObjectMapping: 3.657400 ms MarkObjects: 15.919800 ms  DeleteObjects: 55.612400 ms)

Prepare: number of updated asset objects reloaded= 0
========================================================================
Received Prepare
Begin MonoManager ReloadAssembly
[Licensing::Client] Successfully resolved entitlement details
[Licensing::Module] License group:
  Id: F4-4ZE3-57FW-3TRY-TK6S-XXXX
  Product: Unity Personal
  Type: ULF
  Expiration: Unlimited
[Licensing::Module] License group:
  Id: 6872800998164-UnityPersXXXX
  Product: Unity Personal
  Type: Assigned
  Expiration: Unlimited
- Loaded All Assemblies, in  2.632 seconds
Refreshing native plugins compatible for Editor in 3.85 ms, found 4 plugins.
Native extension for WindowsStandalone target not found
[Package Manager] Failed to launch server process. Reason: Unity was launched with the -noUpm command-line argument
[Package Manager] Unable to send message (not connected to server process).
[Package Manager] Cannot connect to Unity Package Manager local server
Mono: successfully reloaded assembly
- Finished resetting the current domain, in  1.497 seconds
Domain Reload Profiling: 4124ms
	BeginReloadAssembly (803ms)
		ExecutionOrderSort (0ms)
		DisableScriptedObjects (81ms)
		BackupInstance (0ms)
		ReleaseScriptingObjects (1ms)
		CreateAndSetChildDomain (301ms)
	RebuildCommonClasses (96ms)
	RebuildNativeTypeToScriptingClass (31ms)
	initialDomainReloadingComplete (72ms)
	LoadAllAssembliesAndSetupDomain (1624ms)
		LoadAssemblies (1215ms)
		RebuildTransferFunctionScriptingTraits (0ms)
		AnalyzeDomain (652ms)
			TypeCache.Refresh (40ms)
				TypeCache.ScanAssembly (2ms)
			BuildScriptInfoCaches (566ms)
			ResolveRequiredComponents (35ms)
	FinalizeReload (1498ms)
		ReleaseScriptCaches (0ms)
		RebuildScriptCaches (0ms)
		SetupLoadedEditorAssemblies (1198ms)
			LogAssemblyErrors (0ms)
			InitializePlatformSupportModulesInManaged (4ms)
			SetLoadedEditorAssemblies (11ms)
			BeforeProcessingInitializeOnLoad (316ms)
			ProcessInitializeOnLoadAttributes (735ms)
			ProcessInitializeOnLoadMethodAttributes (118ms)
			AfterProcessingInitializeOnLoad (14ms)
			EditorAssembliesLoaded (0ms)
		ExecutionOrderSort2 (0ms)
		AwakeInstancesAfterBackupRestoration (30ms)
Refreshing native plugins compatible for Editor in 5.40 ms, found 4 plugins.
Preloading 0 native plugins for Editor in 0.00 ms.
Unloading 30 Unused Serialized files (Serialized files now loaded: 0)
Unloading 6735 unused Assets / (7.3 MB). Loaded Objects now: 7537.
Memory consumption went from 151.6 MB to 144.3 MB.
Total: 22.331000 ms (FindLiveObjects: 1.247600 ms CreateObjectMapping: 1.867200 ms MarkObjects: 11.419000 ms  DeleteObjects: 7.795200 ms)

Prepare: number of updated asset objects reloaded= 0
========================================================================
Received Prepare
Begin MonoManager ReloadAssembly
- Loaded All Assemblies, in  2.427 seconds
Refreshing native plugins compatible for Editor in 7.09 ms, found 4 plugins.
Native extension for WindowsStandalone target not found
[Package Manager] Failed to launch server process. Reason: Unity was launched with the -noUpm command-line argument
[Package Manager] Unable to send message (not connected to server process).
[Package Manager] Cannot connect to Unity Package Manager local server
Mono: successfully reloaded assembly
- Finished resetting the current domain, in  2.823 seconds
Domain Reload Profiling: 5240ms
	BeginReloadAssembly (521ms)
		ExecutionOrderSort (0ms)
		DisableScriptedObjects (37ms)
		BackupInstance (0ms)
		ReleaseScriptingObjects (0ms)
		CreateAndSetChildDomain (121ms)
	RebuildCommonClasses (79ms)
	RebuildNativeTypeToScriptingClass (31ms)
	initialDomainReloadingComplete (73ms)
	LoadAllAssembliesAndSetupDomain (1712ms)
		LoadAssemblies (1446ms)
		RebuildTransferFunctionScriptingTraits (0ms)
		AnalyzeDomain (510ms)
			TypeCache.Refresh (12ms)
				TypeCache.ScanAssembly (0ms)
			BuildScriptInfoCaches (466ms)
			ResolveRequiredComponents (23ms)
	FinalizeReload (2824ms)
		ReleaseScriptCaches (0ms)
		RebuildScriptCaches (0ms)
		SetupLoadedEditorAssemblies (2229ms)
			LogAssemblyErrors (0ms)
			InitializePlatformSupportModulesInManaged (8ms)
			SetLoadedEditorAssemblies (20ms)
			BeforeProcessingInitializeOnLoad (832ms)
			ProcessInitializeOnLoadAttributes (1176ms)
			ProcessInitializeOnLoadMethodAttributes (174ms)
			AfterProcessingInitializeOnLoad (19ms)
			EditorAssembliesLoaded (0ms)
		ExecutionOrderSort2 (0ms)
		AwakeInstancesAfterBackupRestoration (31ms)
Refreshing native plugins compatible for Editor in 4.26 ms, found 4 plugins.
Preloading 0 native plugins for Editor in 0.00 ms.
Unloading 30 Unused Serialized files (Serialized files now loaded: 0)
Unloading 6735 unused Assets / (7.5 MB). Loaded Objects now: 7540.
Memory consumption went from 151.7 MB to 144.2 MB.
Total: 21.282500 ms (FindLiveObjects: 1.391900 ms CreateObjectMapping: 1.776400 ms MarkObjects: 9.184400 ms  DeleteObjects: 8.928000 ms)

Prepare: number of updated asset objects reloaded= 0
========================================================================
Received Prepare
Refreshing native plugins compatible for Editor in 8.34 ms, found 4 plugins.
Preloading 0 native plugins for Editor in 0.00 ms.
Unloading 30 Unused Serialized files (Serialized files now loaded: 0)
Unloading 6726 unused Assets / (6.2 MB). Loaded Objects now: 7541.
Memory consumption went from 151.8 MB to 145.6 MB.
Total: 33.458200 ms (FindLiveObjects: 1.555100 ms CreateObjectMapping: 2.659600 ms MarkObjects: 17.419500 ms  DeleteObjects: 11.822200 ms)

Prepare: number of updated asset objects reloaded= 0
========================================================================
Received Prepare
Begin MonoManager ReloadAssembly
[Licensing::Client] Successfully resolved entitlement details
[Licensing::Module] License group:
  Id: F4-4ZE3-57FW-3TRY-TK6S-XXXX
  Product: Unity Personal
  Type: ULF
  Expiration: Unlimited
[Licensing::Module] License group:
  Id: 6872800998164-UnityPersXXXX
  Product: Unity Personal
  Type: Assigned
  Expiration: Unlimited
- Loaded All Assemblies, in  2.644 seconds
Refreshing native plugins compatible for Editor in 5.92 ms, found 4 plugins.
Native extension for WindowsStandalone target not found
[Package Manager] Failed to launch server process. Reason: Unity was launched with the -noUpm command-line argument
[Package Manager] Unable to send message (not connected to server process).
[Package Manager] Cannot connect to Unity Package Manager local server
Mono: successfully reloaded assembly
- Finished resetting the current domain, in  1.589 seconds
Domain Reload Profiling: 4223ms
	BeginReloadAssembly (717ms)
		ExecutionOrderSort (0ms)
		DisableScriptedObjects (68ms)
		BackupInstance (0ms)
		ReleaseScriptingObjects (0ms)
		CreateAndSetChildDomain (156ms)
	RebuildCommonClasses (132ms)
	RebuildNativeTypeToScriptingClass (24ms)
	initialDomainReloadingComplete (90ms)
	LoadAllAssembliesAndSetupDomain (1670ms)
		LoadAssemblies (1265ms)
		RebuildTransferFunctionScriptingTraits (0ms)
		AnalyzeDomain (723ms)
			TypeCache.Refresh (37ms)
				TypeCache.ScanAssembly (1ms)
			BuildScriptInfoCaches (638ms)
			ResolveRequiredComponents (31ms)
	FinalizeReload (1590ms)
		ReleaseScriptCaches (0ms)
		RebuildScriptCaches (0ms)
		SetupLoadedEditorAssemblies (1212ms)
			LogAssemblyErrors (0ms)
			InitializePlatformSupportModulesInManaged (4ms)
			SetLoadedEditorAssemblies (9ms)
			BeforeProcessingInitializeOnLoad (312ms)
			ProcessInitializeOnLoadAttributes (755ms)
			ProcessInitializeOnLoadMethodAttributes (115ms)
			AfterProcessingInitializeOnLoad (16ms)
			EditorAssembliesLoaded (1ms)
		ExecutionOrderSort2 (0ms)
		AwakeInstancesAfterBackupRestoration (29ms)
Refreshing native plugins compatible for Editor in 9.15 ms, found 4 plugins.
Preloading 0 native plugins for Editor in 0.00 ms.
Unloading 30 Unused Serialized files (Serialized files now loaded: 0)
Unloading 6736 unused Assets / (8.0 MB). Loaded Objects now: 7544.
Memory consumption went from 151.8 MB to 143.7 MB.
Total: 19.500900 ms (FindLiveObjects: 1.046600 ms CreateObjectMapping: 1.552200 ms MarkObjects: 6.870200 ms  DeleteObjects: 10.030200 ms)

Prepare: number of updated asset objects reloaded= 0
========================================================================
Received Prepare
Begin MonoManager ReloadAssembly
- Loaded All Assemblies, in  1.779 seconds
Refreshing native plugins compatible for Editor in 5.13 ms, found 4 plugins.
Native extension for WindowsStandalone target not found
[Package Manager] Failed to launch server process. Reason: Unity was launched with the -noUpm command-line argument
[Package Manager] Unable to send message (not connected to server process).
[Package Manager] Cannot connect to Unity Package Manager local server
Mono: successfully reloaded assembly
- Finished resetting the current domain, in  2.799 seconds
Domain Reload Profiling: 4568ms
	BeginReloadAssembly (437ms)
		ExecutionOrderSort (0ms)
		DisableScriptedObjects (31ms)
		BackupInstance (0ms)
		ReleaseScriptingObjects (0ms)
		CreateAndSetChildDomain (92ms)
	RebuildCommonClasses (75ms)
	RebuildNativeTypeToScriptingClass (29ms)
	initialDomainReloadingComplete (69ms)
	LoadAllAssembliesAndSetupDomain (1158ms)
		LoadAssemblies (890ms)
		RebuildTransferFunctionScriptingTraits (0ms)
		AnalyzeDomain (468ms)
			TypeCache.Refresh (14ms)
				TypeCache.ScanAssembly (0ms)
			BuildScriptInfoCaches (421ms)
			ResolveRequiredComponents (24ms)
	FinalizeReload (2800ms)
		ReleaseScriptCaches (0ms)
		RebuildScriptCaches (0ms)
		SetupLoadedEditorAssemblies (2202ms)
			LogAssemblyErrors (0ms)
			InitializePlatformSupportModulesInManaged (8ms)
			SetLoadedEditorAssemblies (15ms)
			BeforeProcessingInitializeOnLoad (609ms)
			ProcessInitializeOnLoadAttributes (1326ms)
			ProcessInitializeOnLoadMethodAttributes (213ms)
			AfterProcessingInitializeOnLoad (30ms)
			EditorAssembliesLoaded (1ms)
		ExecutionOrderSort2 (0ms)
		AwakeInstancesAfterBackupRestoration (53ms)
Refreshing native plugins compatible for Editor in 8.75 ms, found 4 plugins.
Preloading 0 native plugins for Editor in 0.00 ms.
Unloading 30 Unused Serialized files (Serialized files now loaded: 0)
Unloading 6736 unused Assets / (8.2 MB). Loaded Objects now: 7547.
Memory consumption went from 151.8 MB to 143.6 MB.
Total: 37.023800 ms (FindLiveObjects: 2.067900 ms CreateObjectMapping: 4.717400 ms MarkObjects: 12.919300 ms  DeleteObjects: 17.316600 ms)

Prepare: number of updated asset objects reloaded= 0
========================================================================
Received Prepare
Refreshing native plugins compatible for Editor in 7.91 ms, found 4 plugins.
Preloading 0 native plugins for Editor in 0.00 ms.
Unloading 30 Unused Serialized files (Serialized files now loaded: 0)
Unloading 6726 unused Assets / (6.9 MB). Loaded Objects now: 7547.
Memory consumption went from 152.0 MB to 145.0 MB.
Total: 106.119600 ms (FindLiveObjects: 3.889000 ms CreateObjectMapping: 3.343300 ms MarkObjects: 82.229900 ms  DeleteObjects: 16.652100 ms)

Prepare: number of updated asset objects reloaded= 0
========================================================================
Received Prepare
Begin MonoManager ReloadAssembly
[Licensing::Client] Successfully resolved entitlement details
[Licensing::Module] License group:
  Id: F4-4ZE3-57FW-3TRY-TK6S-XXXX
  Product: Unity Personal
  Type: ULF
  Expiration: Unlimited
[Licensing::Module] License group:
  Id: 6872800998164-UnityPersXXXX
  Product: Unity Personal
  Type: Assigned
  Expiration: Unlimited
- Loaded All Assemblies, in  4.646 seconds
Refreshing native plugins compatible for Editor in 10.74 ms, found 4 plugins.
Native extension for WindowsStandalone target not found
[Package Manager] Failed to launch server process. Reason: Unity was launched with the -noUpm command-line argument
[Package Manager] Unable to send message (not connected to server process).
[Package Manager] Cannot connect to Unity Package Manager local server
Mono: successfully reloaded assembly
- Finished resetting the current domain, in  1.595 seconds
Domain Reload Profiling: 6224ms
	BeginReloadAssembly (1585ms)
		ExecutionOrderSort (0ms)
		DisableScriptedObjects (165ms)
		BackupInstance (0ms)
		ReleaseScriptingObjects (1ms)
		CreateAndSetChildDomain (615ms)
	RebuildCommonClasses (163ms)
	RebuildNativeTypeToScriptingClass (38ms)
	initialDomainReloadingComplete (147ms)
	LoadAllAssembliesAndSetupDomain (2695ms)
		LoadAssemblies (2645ms)
		RebuildTransferFunctionScriptingTraits (0ms)
		AnalyzeDomain (567ms)
			TypeCache.Refresh (33ms)
				TypeCache.ScanAssembly (2ms)
			BuildScriptInfoCaches (490ms)
			ResolveRequiredComponents (29ms)
	FinalizeReload (1596ms)
		ReleaseScriptCaches (0ms)
		RebuildScriptCaches (0ms)
		SetupLoadedEditorAssemblies (1221ms)
			LogAssemblyErrors (0ms)
			InitializePlatformSupportModulesInManaged (5ms)
			SetLoadedEditorAssemblies (8ms)
			BeforeProcessingInitializeOnLoad (314ms)
			ProcessInitializeOnLoadAttributes (760ms)
			ProcessInitializeOnLoadMethodAttributes (117ms)
			AfterProcessingInitializeOnLoad (17ms)
			EditorAssembliesLoaded (1ms)
		ExecutionOrderSort2 (0ms)
		AwakeInstancesAfterBackupRestoration (32ms)
Refreshing native plugins compatible for Editor in 4.74 ms, found 4 plugins.
Preloading 0 native plugins for Editor in 0.00 ms.
Unloading 30 Unused Serialized files (Serialized files now loaded: 0)
Unloading 6736 unused Assets / (8.2 MB). Loaded Objects now: 7550.
Memory consumption went from 151.8 MB to 143.5 MB.
Total: 21.597700 ms (FindLiveObjects: 1.103100 ms CreateObjectMapping: 1.831100 ms MarkObjects: 8.048900 ms  DeleteObjects: 10.612800 ms)

Prepare: number of updated asset objects reloaded= 0
========================================================================
Received Prepare
Begin MonoManager ReloadAssembly
- Loaded All Assemblies, in  1.954 seconds
Refreshing native plugins compatible for Editor in 9.79 ms, found 4 plugins.
Native extension for WindowsStandalone target not found
[Package Manager] Failed to launch server process. Reason: Unity was launched with the -noUpm command-line argument
[Package Manager] Unable to send message (not connected to server process).
[Package Manager] Cannot connect to Unity Package Manager local server
Mono: successfully reloaded assembly
- Finished resetting the current domain, in  2.978 seconds
Domain Reload Profiling: 4925ms
	BeginReloadAssembly (455ms)
		ExecutionOrderSort (0ms)
		DisableScriptedObjects (32ms)
		BackupInstance (0ms)
		ReleaseScriptingObjects (0ms)
		CreateAndSetChildDomain (106ms)
	RebuildCommonClasses (77ms)
	RebuildNativeTypeToScriptingClass (23ms)
	initialDomainReloadingComplete (67ms)
	LoadAllAssembliesAndSetupDomain (1322ms)
		LoadAssemblies (976ms)
		RebuildTransferFunctionScriptingTraits (0ms)
		AnalyzeDomain (546ms)
			TypeCache.Refresh (13ms)
				TypeCache.ScanAssembly (0ms)
			BuildScriptInfoCaches (419ms)
			ResolveRequiredComponents (105ms)
	FinalizeReload (2980ms)
		ReleaseScriptCaches (0ms)
		RebuildScriptCaches (0ms)
		SetupLoadedEditorAssemblies (2396ms)
			LogAssemblyErrors (0ms)
			InitializePlatformSupportModulesInManaged (9ms)
			SetLoadedEditorAssemblies (9ms)
			BeforeProcessingInitializeOnLoad (684ms)
			ProcessInitializeOnLoadAttributes (1417ms)
			ProcessInitializeOnLoadMethodAttributes (246ms)
			AfterProcessingInitializeOnLoad (30ms)
			EditorAssembliesLoaded (1ms)
		ExecutionOrderSort2 (0ms)
		AwakeInstancesAfterBackupRestoration (61ms)
Refreshing native plugins compatible for Editor in 9.10 ms, found 4 plugins.
Preloading 0 native plugins for Editor in 0.00 ms.
Unloading 30 Unused Serialized files (Serialized files now loaded: 0)
Unloading 6736 unused Assets / (7.4 MB). Loaded Objects now: 7553.
Memory consumption went from 151.9 MB to 144.5 MB.
Total: 32.887300 ms (FindLiveObjects: 2.103300 ms CreateObjectMapping: 3.178200 ms MarkObjects: 12.907800 ms  DeleteObjects: 14.694800 ms)

Prepare: number of updated asset objects reloaded= 0
========================================================================
Received Prepare
Begin MonoManager ReloadAssembly
[Licensing::Client] Successfully resolved entitlement details
[Licensing::Module] License group:
  Id: F4-4ZE3-57FW-3TRY-TK6S-XXXX
  Product: Unity Personal
  Type: ULF
  Expiration: Unlimited
[Licensing::Module] License group:
  Id: 6872800998164-UnityPersXXXX
  Product: Unity Personal
  Type: Assigned
  Expiration: Unlimited
- Loaded All Assemblies, in  7.737 seconds
Refreshing native plugins compatible for Editor in 4.85 ms, found 4 plugins.
Native extension for WindowsStandalone target not found
[Package Manager] Failed to launch server process. Reason: Unity was launched with the -noUpm command-line argument
[Package Manager] Unable to send message (not connected to server process).
[Package Manager] Cannot connect to Unity Package Manager local server
Mono: successfully reloaded assembly
- Finished resetting the current domain, in  1.892 seconds
Domain Reload Profiling: 9637ms
	BeginReloadAssembly (3820ms)
		ExecutionOrderSort (14ms)
		DisableScriptedObjects (790ms)
		BackupInstance (0ms)
		ReleaseScriptingObjects (4ms)
		CreateAndSetChildDomain (1307ms)
	RebuildCommonClasses (89ms)
	RebuildNativeTypeToScriptingClass (34ms)
	initialDomainReloadingComplete (105ms)
	LoadAllAssembliesAndSetupDomain (3696ms)
		LoadAssemblies (3161ms)
		RebuildTransferFunctionScriptingTraits (0ms)
		AnalyzeDomain (1111ms)
			TypeCache.Refresh (158ms)
				TypeCache.ScanAssembly (5ms)
			BuildScriptInfoCaches (885ms)
			ResolveRequiredComponents (45ms)
	FinalizeReload (1893ms)
		ReleaseScriptCaches (0ms)
		RebuildScriptCaches (0ms)
		SetupLoadedEditorAssemblies (1505ms)
			LogAssemblyErrors (0ms)
			InitializePlatformSupportModulesInManaged (5ms)
			SetLoadedEditorAssemblies (10ms)
			BeforeProcessingInitializeOnLoad (456ms)
			ProcessInitializeOnLoadAttributes (870ms)
			ProcessInitializeOnLoadMethodAttributes (149ms)
			AfterProcessingInitializeOnLoad (14ms)
			EditorAssembliesLoaded (1ms)
		ExecutionOrderSort2 (0ms)
		AwakeInstancesAfterBackupRestoration (36ms)
Refreshing native plugins compatible for Editor in 3.69 ms, found 4 plugins.
Preloading 0 native plugins for Editor in 0.00 ms.
Unloading 30 Unused Serialized files (Serialized files now loaded: 0)
Unloading 6737 unused Assets / (7.2 MB). Loaded Objects now: 7557.
Memory consumption went from 151.9 MB to 144.7 MB.
Total: 22.581800 ms (FindLiveObjects: 1.394300 ms CreateObjectMapping: 2.108600 ms MarkObjects: 9.741100 ms  DeleteObjects: 9.336100 ms)

Prepare: number of updated asset objects reloaded= 0
========================================================================
Received Prepare
Begin MonoManager ReloadAssembly
- Loaded All Assemblies, in  1.897 seconds
Refreshing native plugins compatible for Editor in 6.96 ms, found 4 plugins.
Native extension for WindowsStandalone target not found
[Package Manager] Failed to launch server process. Reason: Unity was launched with the -noUpm command-line argument
[Package Manager] Unable to send message (not connected to server process).
[Package Manager] Cannot connect to Unity Package Manager local server
Mono: successfully reloaded assembly
- Finished resetting the current domain, in  2.808 seconds
Domain Reload Profiling: 4697ms
	BeginReloadAssembly (489ms)
		ExecutionOrderSort (0ms)
		DisableScriptedObjects (38ms)
		BackupInstance (0ms)
		ReleaseScriptingObjects (0ms)
		CreateAndSetChildDomain (100ms)
	RebuildCommonClasses (93ms)
	RebuildNativeTypeToScriptingClass (28ms)
	initialDomainReloadingComplete (71ms)
	LoadAllAssembliesAndSetupDomain (1207ms)
		LoadAssemblies (944ms)
		RebuildTransferFunctionScriptingTraits (0ms)
		AnalyzeDomain (498ms)
			TypeCache.Refresh (11ms)
				TypeCache.ScanAssembly (0ms)
			BuildScriptInfoCaches (454ms)
			ResolveRequiredComponents (23ms)
	FinalizeReload (2810ms)
		ReleaseScriptCaches (0ms)
		RebuildScriptCaches (0ms)
		SetupLoadedEditorAssemblies (2197ms)
			LogAssemblyErrors (0ms)
			InitializePlatformSupportModulesInManaged (8ms)
			SetLoadedEditorAssemblies (18ms)
			BeforeProcessingInitializeOnLoad (701ms)
			ProcessInitializeOnLoadAttributes (1219ms)
			ProcessInitializeOnLoadMethodAttributes (221ms)
			AfterProcessingInitializeOnLoad (29ms)
			EditorAssembliesLoaded (1ms)
		ExecutionOrderSort2 (0ms)
		AwakeInstancesAfterBackupRestoration (60ms)
Refreshing native plugins compatible for Editor in 10.01 ms, found 4 plugins.
Preloading 0 native plugins for Editor in 0.00 ms.
Unloading 30 Unused Serialized files (Serialized files now loaded: 0)
Unloading 6737 unused Assets / (7.4 MB). Loaded Objects now: 7560.
Memory consumption went from 152.0 MB to 144.6 MB.
Total: 44.853200 ms (FindLiveObjects: 2.660000 ms CreateObjectMapping: 3.545900 ms MarkObjects: 21.151000 ms  DeleteObjects: 17.493800 ms)

Prepare: number of updated asset objects reloaded= 0
========================================================================
Received Prepare
Begin MonoManager ReloadAssembly
[Licensing::Client] Successfully resolved entitlement details
[Licensing::Module] License group:
  Id: F4-4ZE3-57FW-3TRY-TK6S-XXXX
  Product: Unity Personal
  Type: ULF
  Expiration: Unlimited
[Licensing::Module] License group:
  Id: 6872800998164-UnityPersXXXX
  Product: Unity Personal
  Type: Assigned
  Expiration: Unlimited
- Loaded All Assemblies, in 21.585 seconds
Refreshing native plugins compatible for Editor in 9.46 ms, found 4 plugins.
Native extension for WindowsStandalone target not found
[Package Manager] Failed to launch server process. Reason: Unity was launched with the -noUpm command-line argument
[Package Manager] Unable to send message (not connected to server process).
[Package Manager] Cannot connect to Unity Package Manager local server
Mono: successfully reloaded assembly
- Finished resetting the current domain, in  4.861 seconds
Domain Reload Profiling: 26452ms
	BeginReloadAssembly (5683ms)
		ExecutionOrderSort (12ms)
		DisableScriptedObjects (1045ms)
		BackupInstance (0ms)
		ReleaseScriptingObjects (7ms)
		CreateAndSetChildDomain (1250ms)
	RebuildCommonClasses (774ms)
	RebuildNativeTypeToScriptingClass (68ms)
	initialDomainReloadingComplete (210ms)
	LoadAllAssembliesAndSetupDomain (14854ms)
		LoadAssemblies (14956ms)
		RebuildTransferFunctionScriptingTraits (0ms)
		AnalyzeDomain (2009ms)
			TypeCache.Refresh (612ms)
				TypeCache.ScanAssembly (7ms)
			BuildScriptInfoCaches (1296ms)
			ResolveRequiredComponents (60ms)
	FinalizeReload (4863ms)
		ReleaseScriptCaches (0ms)
		RebuildScriptCaches (0ms)
		SetupLoadedEditorAssemblies (4060ms)
			LogAssemblyErrors (0ms)
			InitializePlatformSupportModulesInManaged (12ms)
			SetLoadedEditorAssemblies (24ms)
			BeforeProcessingInitializeOnLoad (776ms)
			ProcessInitializeOnLoadAttributes (2674ms)
			ProcessInitializeOnLoadMethodAttributes (533ms)
			AfterProcessingInitializeOnLoad (40ms)
			EditorAssembliesLoaded (2ms)
		ExecutionOrderSort2 (0ms)
		AwakeInstancesAfterBackupRestoration (100ms)
Refreshing native plugins compatible for Editor in 9.49 ms, found 4 plugins.
Preloading 0 native plugins for Editor in 0.00 ms.
Unloading 30 Unused Serialized files (Serialized files now loaded: 0)
Unloading 6737 unused Assets / (7.3 MB). Loaded Objects now: 7563.
Memory consumption went from 152.0 MB to 144.7 MB.
Total: 51.019200 ms (FindLiveObjects: 3.802100 ms CreateObjectMapping: 2.694800 ms MarkObjects: 30.640800 ms  DeleteObjects: 13.876700 ms)

Prepare: number of updated asset objects reloaded= 0
========================================================================
Received Prepare
Begin MonoManager ReloadAssembly
- Loaded All Assemblies, in  2.839 seconds
Refreshing native plugins compatible for Editor in 5.09 ms, found 4 plugins.
Native extension for WindowsStandalone target not found
[Package Manager] Failed to launch server process. Reason: Unity was launched with the -noUpm command-line argument
[Package Manager] Unable to send message (not connected to server process).
[Package Manager] Cannot connect to Unity Package Manager local server
Mono: successfully reloaded assembly
- Finished resetting the current domain, in  3.841 seconds
Domain Reload Profiling: 6674ms
	BeginReloadAssembly (586ms)
		ExecutionOrderSort (0ms)
		DisableScriptedObjects (45ms)
		BackupInstance (0ms)
		ReleaseScriptingObjects (0ms)
		CreateAndSetChildDomain (115ms)
	RebuildCommonClasses (113ms)
	RebuildNativeTypeToScriptingClass (32ms)
	initialDomainReloadingComplete (105ms)
	LoadAllAssembliesAndSetupDomain (1993ms)
		LoadAssemblies (1618ms)
		RebuildTransferFunctionScriptingTraits (0ms)
		AnalyzeDomain (652ms)
			TypeCache.Refresh (17ms)
				TypeCache.ScanAssembly (0ms)
			BuildScriptInfoCaches (592ms)
			ResolveRequiredComponents (33ms)
	FinalizeReload (3844ms)
		ReleaseScriptCaches (0ms)
		RebuildScriptCaches (0ms)
		SetupLoadedEditorAssemblies (3212ms)
			LogAssemblyErrors (0ms)
			InitializePlatformSupportModulesInManaged (9ms)
			SetLoadedEditorAssemblies (24ms)
			BeforeProcessingInitializeOnLoad (872ms)
			ProcessInitializeOnLoadAttributes (1916ms)
			ProcessInitializeOnLoadMethodAttributes (347ms)
			AfterProcessingInitializeOnLoad (41ms)
			EditorAssembliesLoaded (3ms)
		ExecutionOrderSort2 (0ms)
		AwakeInstancesAfterBackupRestoration (82ms)
Refreshing native plugins compatible for Editor in 11.99 ms, found 4 plugins.
Preloading 0 native plugins for Editor in 0.00 ms.
Unloading 30 Unused Serialized files (Serialized files now loaded: 0)
Unloading 6737 unused Assets / (8.0 MB). Loaded Objects now: 7566.
Memory consumption went from 152.0 MB to 144.0 MB.
Total: 45.428700 ms (FindLiveObjects: 3.255600 ms CreateObjectMapping: 4.762700 ms MarkObjects: 19.699100 ms  DeleteObjects: 17.708200 ms)

Prepare: number of updated asset objects reloaded= 0
========================================================================
Received Prepare
Begin MonoManager ReloadAssembly
[Licensing::Client] Successfully resolved entitlement details
[Licensing::Module] License group:
  Id: F4-4ZE3-57FW-3TRY-TK6S-XXXX
  Product: Unity Personal
  Type: ULF
  Expiration: Unlimited
[Licensing::Module] License group:
  Id: 6872800998164-UnityPersXXXX
  Product: Unity Personal
  Type: Assigned
  Expiration: Unlimited
- Loaded All Assemblies, in  7.650 seconds
Refreshing native plugins compatible for Editor in 11.45 ms, found 4 plugins.
Native extension for WindowsStandalone target not found
[Package Manager] Failed to launch server process. Reason: Unity was launched with the -noUpm command-line argument
[Package Manager] Unable to send message (not connected to server process).
[Package Manager] Cannot connect to Unity Package Manager local server
Mono: successfully reloaded assembly
- Finished resetting the current domain, in  3.429 seconds
Domain Reload Profiling: 11093ms
	BeginReloadAssembly (2429ms)
		ExecutionOrderSort (0ms)
		DisableScriptedObjects (288ms)
		BackupInstance (0ms)
		ReleaseScriptingObjects (3ms)
		CreateAndSetChildDomain (990ms)
	RebuildCommonClasses (167ms)
	RebuildNativeTypeToScriptingClass (41ms)
	initialDomainReloadingComplete (153ms)
	LoadAllAssembliesAndSetupDomain (4871ms)
		LoadAssemblies (2985ms)
		RebuildTransferFunctionScriptingTraits (0ms)
		AnalyzeDomain (2490ms)
			TypeCache.Refresh (189ms)
				TypeCache.ScanAssembly (11ms)
			BuildScriptInfoCaches (2083ms)
			ResolveRequiredComponents (134ms)
	FinalizeReload (3431ms)
		ReleaseScriptCaches (0ms)
		RebuildScriptCaches (0ms)
		SetupLoadedEditorAssemblies (2498ms)
			LogAssemblyErrors (0ms)
			InitializePlatformSupportModulesInManaged (14ms)
			SetLoadedEditorAssemblies (47ms)
			BeforeProcessingInitializeOnLoad (835ms)
			ProcessInitializeOnLoadAttributes (1297ms)
			ProcessInitializeOnLoadMethodAttributes (263ms)
			AfterProcessingInitializeOnLoad (40ms)
			EditorAssembliesLoaded (2ms)
		ExecutionOrderSort2 (0ms)
		AwakeInstancesAfterBackupRestoration (73ms)
Refreshing native plugins compatible for Editor in 6.63 ms, found 4 plugins.
Preloading 0 native plugins for Editor in 0.00 ms.
Unloading 30 Unused Serialized files (Serialized files now loaded: 0)
Unloading 6738 unused Assets / (6.9 MB). Loaded Objects now: 7570.
Memory consumption went from 152.1 MB to 145.1 MB.
Total: 42.187700 ms (FindLiveObjects: 1.825600 ms CreateObjectMapping: 3.082900 ms MarkObjects: 24.373900 ms  DeleteObjects: 12.900800 ms)

Prepare: number of updated asset objects reloaded= 0
========================================================================
Received Prepare
Begin MonoManager ReloadAssembly
- Loaded All Assemblies, in  3.300 seconds
Refreshing native plugins compatible for Editor in 7.69 ms, found 4 plugins.
Native extension for WindowsStandalone target not found
[Package Manager] Failed to launch server process. Reason: Unity was launched with the -noUpm command-line argument
[Package Manager] Unable to send message (not connected to server process).
[Package Manager] Cannot connect to Unity Package Manager local server
Mono: successfully reloaded assembly
- Finished resetting the current domain, in  3.713 seconds
Domain Reload Profiling: 6995ms
	BeginReloadAssembly (701ms)
		ExecutionOrderSort (0ms)
		DisableScriptedObjects (34ms)
		BackupInstance (0ms)
		ReleaseScriptingObjects (0ms)
		CreateAndSetChildDomain (141ms)
	RebuildCommonClasses (118ms)
	RebuildNativeTypeToScriptingClass (38ms)
	initialDomainReloadingComplete (117ms)
	LoadAllAssembliesAndSetupDomain (2307ms)
		LoadAssemblies (1448ms)
		RebuildTransferFunctionScriptingTraits (0ms)
		AnalyzeDomain (1224ms)
			TypeCache.Refresh (14ms)
				TypeCache.ScanAssembly (0ms)
			BuildScriptInfoCaches (1064ms)
			ResolveRequiredComponents (131ms)
	FinalizeReload (3715ms)
		ReleaseScriptCaches (0ms)
		RebuildScriptCaches (0ms)
		SetupLoadedEditorAssemblies (2999ms)
			LogAssemblyErrors (0ms)
			InitializePlatformSupportModulesInManaged (9ms)
			SetLoadedEditorAssemblies (17ms)
			BeforeProcessingInitializeOnLoad (798ms)
			ProcessInitializeOnLoadAttributes (1795ms)
			ProcessInitializeOnLoadMethodAttributes (330ms)
			AfterProcessingInitializeOnLoad (47ms)
			EditorAssembliesLoaded (2ms)
		ExecutionOrderSort2 (0ms)
		AwakeInstancesAfterBackupRestoration (79ms)
Refreshing native plugins compatible for Editor in 10.40 ms, found 4 plugins.
Preloading 0 native plugins for Editor in 0.00 ms.
Unloading 30 Unused Serialized files (Serialized files now loaded: 0)
Unloading 6738 unused Assets / (7.6 MB). Loaded Objects now: 7573.
Memory consumption went from 152.1 MB to 144.6 MB.
Total: 47.634700 ms (FindLiveObjects: 2.325000 ms CreateObjectMapping: 3.814900 ms MarkObjects: 21.742300 ms  DeleteObjects: 19.749700 ms)

Prepare: number of updated asset objects reloaded= 0
========================================================================
Received Prepare
Begin MonoManager ReloadAssembly
[Licensing::Client] Successfully resolved entitlement details
[Licensing::Module] License group:
  Id: F4-4ZE3-57FW-3TRY-TK6S-XXXX
  Product: Unity Personal
  Type: ULF
  Expiration: Unlimited
[Licensing::Module] License group:
  Id: 6872800998164-UnityPersXXXX
  Product: Unity Personal
  Type: Assigned
  Expiration: Unlimited
- Loaded All Assemblies, in  3.654 seconds
Refreshing native plugins compatible for Editor in 5.95 ms, found 4 plugins.
Native extension for WindowsStandalone target not found
[Package Manager] Failed to launch server process. Reason: Unity was launched with the -noUpm command-line argument
[Package Manager] Unable to send message (not connected to server process).
[Package Manager] Cannot connect to Unity Package Manager local server
Mono: successfully reloaded assembly
- Finished resetting the current domain, in  3.448 seconds
Domain Reload Profiling: 7091ms
	BeginReloadAssembly (945ms)
		ExecutionOrderSort (0ms)
		DisableScriptedObjects (97ms)
		BackupInstance (0ms)
		ReleaseScriptingObjects (1ms)
		CreateAndSetChildDomain (295ms)
	RebuildCommonClasses (115ms)
	RebuildNativeTypeToScriptingClass (49ms)
	initialDomainReloadingComplete (93ms)
	LoadAllAssembliesAndSetupDomain (2438ms)
		LoadAssemblies (1765ms)
		RebuildTransferFunctionScriptingTraits (0ms)
		AnalyzeDomain (1000ms)
			TypeCache.Refresh (22ms)
				TypeCache.ScanAssembly (0ms)
			BuildScriptInfoCaches (923ms)
			ResolveRequiredComponents (39ms)
	FinalizeReload (3451ms)
		ReleaseScriptCaches (0ms)
		RebuildScriptCaches (0ms)
		SetupLoadedEditorAssemblies (2812ms)
			LogAssemblyErrors (0ms)
			InitializePlatformSupportModulesInManaged (7ms)
			SetLoadedEditorAssemblies (13ms)
			BeforeProcessingInitializeOnLoad (561ms)
			ProcessInitializeOnLoadAttributes (1826ms)
			ProcessInitializeOnLoadMethodAttributes (363ms)
			AfterProcessingInitializeOnLoad (40ms)
			EditorAssembliesLoaded (1ms)
		ExecutionOrderSort2 (0ms)
		AwakeInstancesAfterBackupRestoration (89ms)
Refreshing native plugins compatible for Editor in 11.87 ms, found 4 plugins.
Preloading 0 native plugins for Editor in 0.00 ms.
Unloading 30 Unused Serialized files (Serialized files now loaded: 0)
Unloading 6738 unused Assets / (7.1 MB). Loaded Objects now: 7576.
Memory consumption went from 152.2 MB to 145.1 MB.
Total: 43.649500 ms (FindLiveObjects: 3.145400 ms CreateObjectMapping: 4.183000 ms MarkObjects: 18.151000 ms  DeleteObjects: 18.166400 ms)

Prepare: number of updated asset objects reloaded= 0
========================================================================
Received Prepare
Refreshing native plugins compatible for Editor in 8.45 ms, found 4 plugins.
Preloading 0 native plugins for Editor in 0.00 ms.
Unloading 30 Unused Serialized files (Serialized files now loaded: 0)
Unloading 6730 unused Assets / (7.9 MB). Loaded Objects now: 7578.
Memory consumption went from 152.3 MB to 144.4 MB.
Total: 184.317700 ms (FindLiveObjects: 5.031500 ms CreateObjectMapping: 2.596300 ms MarkObjects: 166.396600 ms  DeleteObjects: 10.289300 ms)

Prepare: number of updated asset objects reloaded= 0
========================================================================
Received Prepare
Begin MonoManager ReloadAssembly
[Licensing::Client] Successfully resolved entitlement details
[Licensing::Module] License group:
  Id: F4-4ZE3-57FW-3TRY-TK6S-XXXX
  Product: Unity Personal
  Type: ULF
  Expiration: Unlimited
[Licensing::Module] License group:
  Id: 6872800998164-UnityPersXXXX
  Product: Unity Personal
  Type: Assigned
  Expiration: Unlimited
- Loaded All Assemblies, in 11.349 seconds
Refreshing native plugins compatible for Editor in 21.23 ms, found 4 plugins.
Native extension for WindowsStandalone target not found
[Package Manager] Failed to launch server process. Reason: Unity was launched with the -noUpm command-line argument
[Package Manager] Unable to send message (not connected to server process).
[Package Manager] Cannot connect to Unity Package Manager local server
Mono: successfully reloaded assembly
- Finished resetting the current domain, in  4.706 seconds
Domain Reload Profiling: 16059ms
	BeginReloadAssembly (5949ms)
		ExecutionOrderSort (0ms)
		DisableScriptedObjects (688ms)
		BackupInstance (0ms)
		ReleaseScriptingObjects (10ms)
		CreateAndSetChildDomain (3656ms)
	RebuildCommonClasses (115ms)
	RebuildNativeTypeToScriptingClass (34ms)
	initialDomainReloadingComplete (116ms)
	LoadAllAssembliesAndSetupDomain (5137ms)
		LoadAssemblies (3884ms)
		RebuildTransferFunctionScriptingTraits (0ms)
		AnalyzeDomain (1749ms)
			TypeCache.Refresh (121ms)
				TypeCache.ScanAssembly (6ms)
			BuildScriptInfoCaches (1476ms)
			ResolveRequiredComponents (93ms)
	FinalizeReload (4708ms)
		ReleaseScriptCaches (0ms)
		RebuildScriptCaches (0ms)
		SetupLoadedEditorAssemblies (3759ms)
			LogAssemblyErrors (0ms)
			InitializePlatformSupportModulesInManaged (10ms)
			SetLoadedEditorAssemblies (19ms)
			BeforeProcessingInitializeOnLoad (941ms)
			ProcessInitializeOnLoadAttributes (2349ms)
			ProcessInitializeOnLoadMethodAttributes (388ms)
			AfterProcessingInitializeOnLoad (50ms)
			EditorAssembliesLoaded (2ms)
		ExecutionOrderSort2 (0ms)
		AwakeInstancesAfterBackupRestoration (107ms)
Refreshing native plugins compatible for Editor in 13.09 ms, found 4 plugins.
Preloading 0 native plugins for Editor in 0.00 ms.
Unloading 30 Unused Serialized files (Serialized files now loaded: 0)
Unloading 6740 unused Assets / (7.3 MB). Loaded Objects now: 7581.
Memory consumption went from 152.2 MB to 144.9 MB.
Total: 44.851900 ms (FindLiveObjects: 4.561600 ms CreateObjectMapping: 3.867800 ms MarkObjects: 18.488300 ms  DeleteObjects: 17.931600 ms)

Prepare: number of updated asset objects reloaded= 0
========================================================================
Received Prepare
Begin MonoManager ReloadAssembly
[Licensing::Client] Successfully resolved entitlement details
[Licensing::Module] License group:
  Id: F4-4ZE3-57FW-3TRY-TK6S-XXXX
  Product: Unity Personal
  Type: ULF
  Expiration: Unlimited
[Licensing::Module] License group:
  Id: 6872800998164-UnityPersXXXX
  Product: Unity Personal
  Type: Assigned
  Expiration: Unlimited
- Loaded All Assemblies, in  9.594 seconds
Refreshing native plugins compatible for Editor in 4.94 ms, found 4 plugins.
Native extension for WindowsStandalone target not found
[Package Manager] Failed to launch server process. Reason: Unity was launched with the -noUpm command-line argument
[Package Manager] Unable to send message (not connected to server process).
[Package Manager] Cannot connect to Unity Package Manager local server
Mono: successfully reloaded assembly
- Finished resetting the current domain, in  2.829 seconds
Domain Reload Profiling: 12430ms
	BeginReloadAssembly (5059ms)
		ExecutionOrderSort (17ms)
		DisableScriptedObjects (745ms)
		BackupInstance (0ms)
		ReleaseScriptingObjects (8ms)
		CreateAndSetChildDomain (2245ms)
	RebuildCommonClasses (141ms)
	RebuildNativeTypeToScriptingClass (43ms)
	initialDomainReloadingComplete (137ms)
	LoadAllAssembliesAndSetupDomain (4218ms)
		LoadAssemblies (3642ms)
		RebuildTransferFunctionScriptingTraits (0ms)
		AnalyzeDomain (1303ms)
			TypeCache.Refresh (175ms)
				TypeCache.ScanAssembly (3ms)
			BuildScriptInfoCaches (1064ms)
			ResolveRequiredComponents (41ms)
	FinalizeReload (2831ms)
		ReleaseScriptCaches (0ms)
		RebuildScriptCaches (0ms)
		SetupLoadedEditorAssemblies (2243ms)
			LogAssemblyErrors (0ms)
			InitializePlatformSupportModulesInManaged (13ms)
			SetLoadedEditorAssemblies (23ms)
			BeforeProcessingInitializeOnLoad (622ms)
			ProcessInitializeOnLoadAttributes (1346ms)
			ProcessInitializeOnLoadMethodAttributes (215ms)
			AfterProcessingInitializeOnLoad (22ms)
			EditorAssembliesLoaded (1ms)
		ExecutionOrderSort2 (0ms)
		AwakeInstancesAfterBackupRestoration (44ms)
Refreshing native plugins compatible for Editor in 11.84 ms, found 4 plugins.
Preloading 0 native plugins for Editor in 0.00 ms.
Unloading 30 Unused Serialized files (Serialized files now loaded: 0)
Unloading 6740 unused Assets / (7.6 MB). Loaded Objects now: 7584.
Memory consumption went from 152.2 MB to 144.6 MB.
Total: 46.592800 ms (FindLiveObjects: 1.804900 ms CreateObjectMapping: 2.977200 ms MarkObjects: 30.079400 ms  DeleteObjects: 11.728800 ms)

Prepare: number of updated asset objects reloaded= 0
========================================================================
Received Prepare
Begin MonoManager ReloadAssembly
- Loaded All Assemblies, in  2.681 seconds
Refreshing native plugins compatible for Editor in 6.88 ms, found 4 plugins.
Native extension for WindowsStandalone target not found
[Package Manager] Failed to launch server process. Reason: Unity was launched with the -noUpm command-line argument
[Package Manager] Unable to send message (not connected to server process).
[Package Manager] Cannot connect to Unity Package Manager local server
Mono: successfully reloaded assembly
- Finished resetting the current domain, in  3.433 seconds
Domain Reload Profiling: 6087ms
	BeginReloadAssembly (738ms)
		ExecutionOrderSort (0ms)
		DisableScriptedObjects (33ms)
		BackupInstance (0ms)
		ReleaseScriptingObjects (0ms)
		CreateAndSetChildDomain (194ms)
	RebuildCommonClasses (101ms)
	RebuildNativeTypeToScriptingClass (31ms)
	initialDomainReloadingComplete (130ms)
	LoadAllAssembliesAndSetupDomain (1651ms)
		LoadAssemblies (1396ms)
		RebuildTransferFunctionScriptingTraits (0ms)
		AnalyzeDomain (598ms)
			TypeCache.Refresh (16ms)
				TypeCache.ScanAssembly (0ms)
			BuildScriptInfoCaches (543ms)
			ResolveRequiredComponents (27ms)
	FinalizeReload (3435ms)
		ReleaseScriptCaches (0ms)
		RebuildScriptCaches (0ms)
		SetupLoadedEditorAssemblies (2825ms)
			LogAssemblyErrors (0ms)
			InitializePlatformSupportModulesInManaged (8ms)
			SetLoadedEditorAssemblies (11ms)
			BeforeProcessingInitializeOnLoad (451ms)
			ProcessInitializeOnLoadAttributes (1846ms)
			ProcessInitializeOnLoadMethodAttributes (448ms)
			AfterProcessingInitializeOnLoad (58ms)
			EditorAssembliesLoaded (2ms)
		ExecutionOrderSort2 (0ms)
		AwakeInstancesAfterBackupRestoration (92ms)
Refreshing native plugins compatible for Editor in 13.16 ms, found 4 plugins.
Preloading 0 native plugins for Editor in 0.00 ms.
Unloading 30 Unused Serialized files (Serialized files now loaded: 0)
Unloading 6740 unused Assets / (6.8 MB). Loaded Objects now: 7587.
Memory consumption went from 152.3 MB to 145.5 MB.
Total: 50.747500 ms (FindLiveObjects: 4.430300 ms CreateObjectMapping: 3.552600 ms MarkObjects: 26.801100 ms  DeleteObjects: 15.959200 ms)

Prepare: number of updated asset objects reloaded= 0
========================================================================
Received Prepare
Begin MonoManager ReloadAssembly
[Licensing::Client] Successfully resolved entitlement details
[Licensing::Module] License group:
  Id: F4-4ZE3-57FW-3TRY-TK6S-XXXX
  Product: Unity Personal
  Type: ULF
  Expiration: Unlimited
[Licensing::Module] License group:
  Id: 6872800998164-UnityPersXXXX
  Product: Unity Personal
  Type: Assigned
  Expiration: Unlimited
- Loaded All Assemblies, in  9.100 seconds
Refreshing native plugins compatible for Editor in 4.93 ms, found 4 plugins.
Native extension for WindowsStandalone target not found
[Package Manager] Failed to launch server process. Reason: Unity was launched with the -noUpm command-line argument
[Package Manager] Unable to send message (not connected to server process).
[Package Manager] Cannot connect to Unity Package Manager local server
Mono: successfully reloaded assembly
- Finished resetting the current domain, in  1.838 seconds
Domain Reload Profiling: 10956ms
	BeginReloadAssembly (4250ms)
		ExecutionOrderSort (7ms)
		DisableScriptedObjects (524ms)
		BackupInstance (0ms)
		ReleaseScriptingObjects (24ms)
		CreateAndSetChildDomain (1379ms)
	RebuildCommonClasses (124ms)
	RebuildNativeTypeToScriptingClass (29ms)
	initialDomainReloadingComplete (130ms)
	LoadAllAssembliesAndSetupDomain (4585ms)
		LoadAssemblies (4562ms)
		RebuildTransferFunctionScriptingTraits (0ms)
		AnalyzeDomain (1262ms)
			TypeCache.Refresh (125ms)
				TypeCache.ScanAssembly (3ms)
			BuildScriptInfoCaches (1015ms)
			ResolveRequiredComponents (49ms)
	FinalizeReload (1839ms)
		ReleaseScriptCaches (0ms)
		RebuildScriptCaches (0ms)
		SetupLoadedEditorAssemblies (1485ms)
			LogAssemblyErrors (0ms)
			InitializePlatformSupportModulesInManaged (7ms)
			SetLoadedEditorAssemblies (15ms)
			BeforeProcessingInitializeOnLoad (346ms)
			ProcessInitializeOnLoadAttributes (975ms)
			ProcessInitializeOnLoadMethodAttributes (122ms)
			AfterProcessingInitializeOnLoad (19ms)
			EditorAssembliesLoaded (1ms)
		ExecutionOrderSort2 (0ms)
		AwakeInstancesAfterBackupRestoration (34ms)
Refreshing native plugins compatible for Editor in 5.66 ms, found 4 plugins.
Preloading 0 native plugins for Editor in 0.00 ms.
Unloading 30 Unused Serialized files (Serialized files now loaded: 0)
Unloading 6740 unused Assets / (9.1 MB). Loaded Objects now: 7590.
Memory consumption went from 152.3 MB to 143.3 MB.
Total: 33.892500 ms (FindLiveObjects: 2.168600 ms CreateObjectMapping: 2.443600 ms MarkObjects: 16.780600 ms  DeleteObjects: 12.497400 ms)

Prepare: number of updated asset objects reloaded= 0
========================================================================
Received Prepare
Begin MonoManager ReloadAssembly
- Loaded All Assemblies, in  2.021 seconds
Refreshing native plugins compatible for Editor in 5.17 ms, found 4 plugins.
Native extension for WindowsStandalone target not found
[Package Manager] Failed to launch server process. Reason: Unity was launched with the -noUpm command-line argument
[Package Manager] Unable to send message (not connected to server process).
[Package Manager] Cannot connect to Unity Package Manager local server
Mono: successfully reloaded assembly
- Finished resetting the current domain, in  3.132 seconds
Domain Reload Profiling: 5144ms
	BeginReloadAssembly (424ms)
		ExecutionOrderSort (0ms)
		DisableScriptedObjects (26ms)
		BackupInstance (0ms)
		ReleaseScriptingObjects (0ms)
		CreateAndSetChildDomain (88ms)
	RebuildCommonClasses (73ms)
	RebuildNativeTypeToScriptingClass (27ms)
	initialDomainReloadingComplete (73ms)
	LoadAllAssembliesAndSetupDomain (1414ms)
		LoadAssemblies (1071ms)
		RebuildTransferFunctionScriptingTraits (0ms)
		AnalyzeDomain (545ms)
			TypeCache.Refresh (12ms)
				TypeCache.ScanAssembly (0ms)
			BuildScriptInfoCaches (485ms)
			ResolveRequiredComponents (22ms)
	FinalizeReload (3133ms)
		ReleaseScriptCaches (0ms)
		RebuildScriptCaches (0ms)
		SetupLoadedEditorAssemblies (2668ms)
			LogAssemblyErrors (0ms)
			InitializePlatformSupportModulesInManaged (4ms)
			SetLoadedEditorAssemblies (12ms)
			BeforeProcessingInitializeOnLoad (726ms)
			ProcessInitializeOnLoadAttributes (1566ms)
			ProcessInitializeOnLoadMethodAttributes (323ms)
			AfterProcessingInitializeOnLoad (37ms)
			EditorAssembliesLoaded (1ms)
		ExecutionOrderSort2 (0ms)
		AwakeInstancesAfterBackupRestoration (85ms)
Refreshing native plugins compatible for Editor in 9.61 ms, found 4 plugins.
Preloading 0 native plugins for Editor in 0.00 ms.
Unloading 30 Unused Serialized files (Serialized files now loaded: 0)
Unloading 6740 unused Assets / (7.6 MB). Loaded Objects now: 7593.
Memory consumption went from 152.4 MB to 144.8 MB.
Total: 34.398800 ms (FindLiveObjects: 2.955700 ms CreateObjectMapping: 3.398900 ms MarkObjects: 13.894500 ms  DeleteObjects: 14.146100 ms)

Prepare: number of updated asset objects reloaded= 0
========================================================================
Received Prepare
Begin MonoManager ReloadAssembly
[Licensing::Client] Successfully resolved entitlement details
[Licensing::Module] License group:
  Id: F4-4ZE3-57FW-3TRY-TK6S-XXXX
  Product: Unity Personal
  Type: ULF
  Expiration: Unlimited
[Licensing::Module] License group:
  Id: 6872800998164-UnityPersXXXX
  Product: Unity Personal
  Type: Assigned
  Expiration: Unlimited
- Loaded All Assemblies, in  5.135 seconds
Refreshing native plugins compatible for Editor in 8.69 ms, found 4 plugins.
Native extension for WindowsStandalone target not found
[Package Manager] Failed to launch server process. Reason: Unity was launched with the -noUpm command-line argument
[Package Manager] Unable to send message (not connected to server process).
[Package Manager] Cannot connect to Unity Package Manager local server
Mono: successfully reloaded assembly
- Finished resetting the current domain, in  1.976 seconds
Domain Reload Profiling: 7110ms
	BeginReloadAssembly (1453ms)
		ExecutionOrderSort (0ms)
		DisableScriptedObjects (186ms)
		BackupInstance (0ms)
		ReleaseScriptingObjects (1ms)
		CreateAndSetChildDomain (533ms)
	RebuildCommonClasses (83ms)
	RebuildNativeTypeToScriptingClass (28ms)
	initialDomainReloadingComplete (95ms)
	LoadAllAssembliesAndSetupDomain (3472ms)
		LoadAssemblies (2985ms)
		RebuildTransferFunctionScriptingTraits (0ms)
		AnalyzeDomain (913ms)
			TypeCache.Refresh (111ms)
				TypeCache.ScanAssembly (4ms)
			BuildScriptInfoCaches (757ms)
			ResolveRequiredComponents (32ms)
	FinalizeReload (1979ms)
		ReleaseScriptCaches (0ms)
		RebuildScriptCaches (0ms)
		SetupLoadedEditorAssemblies (1595ms)
			LogAssemblyErrors (0ms)
			InitializePlatformSupportModulesInManaged (5ms)
			SetLoadedEditorAssemblies (22ms)
			BeforeProcessingInitializeOnLoad (334ms)
			ProcessInitializeOnLoadAttributes (1013ms)
			ProcessInitializeOnLoadMethodAttributes (195ms)
			AfterProcessingInitializeOnLoad (21ms)
			EditorAssembliesLoaded (5ms)
		ExecutionOrderSort2 (0ms)
		AwakeInstancesAfterBackupRestoration (41ms)
Refreshing native plugins compatible for Editor in 5.21 ms, found 4 plugins.
Preloading 0 native plugins for Editor in 0.00 ms.
Unloading 30 Unused Serialized files (Serialized files now loaded: 0)
Unloading 6740 unused Assets / (7.7 MB). Loaded Objects now: 7596.
Memory consumption went from 152.4 MB to 144.7 MB.
Total: 32.428900 ms (FindLiveObjects: 1.885800 ms CreateObjectMapping: 2.219400 ms MarkObjects: 17.636900 ms  DeleteObjects: 10.684600 ms)

Prepare: number of updated asset objects reloaded= 0
========================================================================
Received Prepare
Begin MonoManager ReloadAssembly
- Loaded All Assemblies, in  1.899 seconds
Refreshing native plugins compatible for Editor in 4.44 ms, found 4 plugins.
Native extension for WindowsStandalone target not found
[Package Manager] Failed to launch server process. Reason: Unity was launched with the -noUpm command-line argument
[Package Manager] Unable to send message (not connected to server process).
[Package Manager] Cannot connect to Unity Package Manager local server
Mono: successfully reloaded assembly
- Finished resetting the current domain, in  2.482 seconds
Domain Reload Profiling: 4372ms
	BeginReloadAssembly (441ms)
		ExecutionOrderSort (0ms)
		DisableScriptedObjects (34ms)
		BackupInstance (0ms)
		ReleaseScriptingObjects (0ms)
		CreateAndSetChildDomain (82ms)
	RebuildCommonClasses (78ms)
	RebuildNativeTypeToScriptingClass (26ms)
	initialDomainReloadingComplete (67ms)
	LoadAllAssembliesAndSetupDomain (1273ms)
		LoadAssemblies (946ms)
		RebuildTransferFunctionScriptingTraits (0ms)
		AnalyzeDomain (536ms)
			TypeCache.Refresh (11ms)
				TypeCache.ScanAssembly (0ms)
			BuildScriptInfoCaches (495ms)
			ResolveRequiredComponents (23ms)
	FinalizeReload (2486ms)
		ReleaseScriptCaches (0ms)
		RebuildScriptCaches (0ms)
		SetupLoadedEditorAssemblies (2060ms)
			LogAssemblyErrors (0ms)
			InitializePlatformSupportModulesInManaged (4ms)
			SetLoadedEditorAssemblies (6ms)
			BeforeProcessingInitializeOnLoad (317ms)
			ProcessInitializeOnLoadAttributes (1426ms)
			ProcessInitializeOnLoadMethodAttributes (267ms)
			AfterProcessingInitializeOnLoad (39ms)
			EditorAssembliesLoaded (1ms)
		ExecutionOrderSort2 (0ms)
		AwakeInstancesAfterBackupRestoration (71ms)
Refreshing native plugins compatible for Editor in 11.36 ms, found 4 plugins.
Preloading 0 native plugins for Editor in 0.00 ms.
Unloading 30 Unused Serialized files (Serialized files now loaded: 0)
Unloading 6740 unused Assets / (7.7 MB). Loaded Objects now: 7599.
Memory consumption went from 152.4 MB to 144.7 MB.
Total: 45.140800 ms (FindLiveObjects: 4.013200 ms CreateObjectMapping: 3.107100 ms MarkObjects: 19.285100 ms  DeleteObjects: 18.732800 ms)

Prepare: number of updated asset objects reloaded= 0
========================================================================
Received Prepare
Begin MonoManager ReloadAssembly
- Loaded All Assemblies, in  1.711 seconds
Refreshing native plugins compatible for Editor in 4.58 ms, found 4 plugins.
Native extension for WindowsStandalone target not found
[Package Manager] Failed to launch server process. Reason: Unity was launched with the -noUpm command-line argument
[Package Manager] Unable to send message (not connected to server process).
[Package Manager] Cannot connect to Unity Package Manager local server
Mono: successfully reloaded assembly
- Finished resetting the current domain, in  2.669 seconds
Domain Reload Profiling: 4369ms
	BeginReloadAssembly (422ms)
		ExecutionOrderSort (0ms)
		DisableScriptedObjects (29ms)
		BackupInstance (0ms)
		ReleaseScriptingObjects (0ms)
		CreateAndSetChildDomain (86ms)
	RebuildCommonClasses (77ms)
	RebuildNativeTypeToScriptingClass (30ms)
	initialDomainReloadingComplete (69ms)
	LoadAllAssembliesAndSetupDomain (1101ms)
		LoadAssemblies (844ms)
		RebuildTransferFunctionScriptingTraits (0ms)
		AnalyzeDomain (462ms)
			TypeCache.Refresh (14ms)
				TypeCache.ScanAssembly (0ms)
			BuildScriptInfoCaches (420ms)
			ResolveRequiredComponents (19ms)
	FinalizeReload (2670ms)
		ReleaseScriptCaches (0ms)
		RebuildScriptCaches (0ms)
		SetupLoadedEditorAssemblies (2282ms)
			LogAssemblyErrors (0ms)
			InitializePlatformSupportModulesInManaged (4ms)
			SetLoadedEditorAssemblies (6ms)
			BeforeProcessingInitializeOnLoad (369ms)
			ProcessInitializeOnLoadAttributes (1594ms)
			ProcessInitializeOnLoadMethodAttributes (271ms)
			AfterProcessingInitializeOnLoad (36ms)
			EditorAssembliesLoaded (1ms)
		ExecutionOrderSort2 (0ms)
		AwakeInstancesAfterBackupRestoration (64ms)
Refreshing native plugins compatible for Editor in 9.97 ms, found 4 plugins.
Preloading 0 native plugins for Editor in 0.00 ms.
Unloading 30 Unused Serialized files (Serialized files now loaded: 0)
Unloading 6740 unused Assets / (8.2 MB). Loaded Objects now: 7602.
Memory consumption went from 152.5 MB to 144.4 MB.
Total: 38.656600 ms (FindLiveObjects: 1.408300 ms CreateObjectMapping: 6.084600 ms MarkObjects: 16.942900 ms  DeleteObjects: 14.216200 ms)

Prepare: number of updated asset objects reloaded= 0
========================================================================
Received Prepare
Refreshing native plugins compatible for Editor in 20.19 ms, found 4 plugins.
Preloading 0 native plugins for Editor in 0.00 ms.
Unloading 30 Unused Serialized files (Serialized files now loaded: 0)
Unloading 6730 unused Assets / (5.6 MB). Loaded Objects now: 7602.
Memory consumption went from 152.7 MB to 147.1 MB.
Total: 124.871100 ms (FindLiveObjects: 3.619400 ms CreateObjectMapping: 8.497000 ms MarkObjects: 97.187300 ms  DeleteObjects: 15.564900 ms)

Prepare: number of updated asset objects reloaded= 0
========================================================================
Received Prepare
Begin MonoManager ReloadAssembly
[Licensing::Client] Successfully resolved entitlement details
[Licensing::Module] License group:
  Id: F4-4ZE3-57FW-3TRY-TK6S-XXXX
  Product: Unity Personal
  Type: ULF
  Expiration: Unlimited
[Licensing::Module] License group:
  Id: 6872800998164-UnityPersXXXX
  Product: Unity Personal
  Type: Assigned
  Expiration: Unlimited
- Loaded All Assemblies, in  3.267 seconds
Refreshing native plugins compatible for Editor in 14.75 ms, found 4 plugins.
Native extension for WindowsStandalone target not found
[Package Manager] Failed to launch server process. Reason: Unity was launched with the -noUpm command-line argument
[Package Manager] Unable to send message (not connected to server process).
[Package Manager] Cannot connect to Unity Package Manager local server
Mono: successfully reloaded assembly
- Finished resetting the current domain, in  3.284 seconds
Domain Reload Profiling: 6551ms
	BeginReloadAssembly (662ms)
		ExecutionOrderSort (0ms)
		DisableScriptedObjects (60ms)
		BackupInstance (0ms)
		ReleaseScriptingObjects (0ms)
		CreateAndSetChildDomain (175ms)
	RebuildCommonClasses (149ms)
	RebuildNativeTypeToScriptingClass (31ms)
	initialDomainReloadingComplete (77ms)
	LoadAllAssembliesAndSetupDomain (2346ms)
		LoadAssemblies (1429ms)
		RebuildTransferFunctionScriptingTraits (0ms)
		AnalyzeDomain (1185ms)
			TypeCache.Refresh (33ms)
				TypeCache.ScanAssembly (2ms)
			BuildScriptInfoCaches (1097ms)
			ResolveRequiredComponents (39ms)
	FinalizeReload (3286ms)
		ReleaseScriptCaches (0ms)
		RebuildScriptCaches (0ms)
		SetupLoadedEditorAssemblies (2844ms)
			LogAssemblyErrors (0ms)
			InitializePlatformSupportModulesInManaged (5ms)
			SetLoadedEditorAssemblies (11ms)
			BeforeProcessingInitializeOnLoad (517ms)
			ProcessInitializeOnLoadAttributes (1989ms)
			ProcessInitializeOnLoadMethodAttributes (280ms)
			AfterProcessingInitializeOnLoad (41ms)
			EditorAssembliesLoaded (2ms)
		ExecutionOrderSort2 (0ms)
		AwakeInstancesAfterBackupRestoration (91ms)
Refreshing native plugins compatible for Editor in 6.68 ms, found 4 plugins.
Preloading 0 native plugins for Editor in 0.00 ms.
Unloading 30 Unused Serialized files (Serialized files now loaded: 0)
Unloading 6740 unused Assets / (7.8 MB). Loaded Objects now: 7605.
Memory consumption went from 152.5 MB to 144.7 MB.
Total: 48.926200 ms (FindLiveObjects: 2.661900 ms CreateObjectMapping: 2.930700 ms MarkObjects: 23.845700 ms  DeleteObjects: 19.485300 ms)

Prepare: number of updated asset objects reloaded= 0
========================================================================
Received Prepare
Begin MonoManager ReloadAssembly
- Loaded All Assemblies, in  1.699 seconds
Refreshing native plugins compatible for Editor in 5.59 ms, found 4 plugins.
Native extension for WindowsStandalone target not found
[Package Manager] Failed to launch server process. Reason: Unity was launched with the -noUpm command-line argument
[Package Manager] Unable to send message (not connected to server process).
[Package Manager] Cannot connect to Unity Package Manager local server
Mono: successfully reloaded assembly
- Finished resetting the current domain, in  2.396 seconds
Domain Reload Profiling: 4087ms
	BeginReloadAssembly (419ms)
		ExecutionOrderSort (0ms)
		DisableScriptedObjects (34ms)
		BackupInstance (0ms)
		ReleaseScriptingObjects (0ms)
		CreateAndSetChildDomain (89ms)
	RebuildCommonClasses (65ms)
	RebuildNativeTypeToScriptingClass (29ms)
	initialDomainReloadingComplete (58ms)
	LoadAllAssembliesAndSetupDomain (1120ms)
		LoadAssemblies (833ms)
		RebuildTransferFunctionScriptingTraits (0ms)
		AnalyzeDomain (465ms)
			TypeCache.Refresh (12ms)
				TypeCache.ScanAssembly (0ms)
			BuildScriptInfoCaches (425ms)
			ResolveRequiredComponents (21ms)
	FinalizeReload (2397ms)
		ReleaseScriptCaches (0ms)
		RebuildScriptCaches (0ms)
		SetupLoadedEditorAssemblies (2002ms)
			LogAssemblyErrors (0ms)
			InitializePlatformSupportModulesInManaged (4ms)
			SetLoadedEditorAssemblies (6ms)
			BeforeProcessingInitializeOnLoad (298ms)
			ProcessInitializeOnLoadAttributes (1398ms)
			ProcessInitializeOnLoadMethodAttributes (263ms)
			AfterProcessingInitializeOnLoad (31ms)
			EditorAssembliesLoaded (1ms)
		ExecutionOrderSort2 (0ms)
		AwakeInstancesAfterBackupRestoration (34ms)
Refreshing native plugins compatible for Editor in 11.17 ms, found 4 plugins.
Preloading 0 native plugins for Editor in 0.00 ms.
Unloading 30 Unused Serialized files (Serialized files now loaded: 0)
Unloading 6740 unused Assets / (7.9 MB). Loaded Objects now: 7608.
Memory consumption went from 152.6 MB to 144.7 MB.
Total: 51.388500 ms (FindLiveObjects: 6.502700 ms CreateObjectMapping: 3.334100 ms MarkObjects: 22.969000 ms  DeleteObjects: 18.577800 ms)

Prepare: number of updated asset objects reloaded= 0
========================================================================
Received Prepare
Begin MonoManager ReloadAssembly
[Licensing::Client] Successfully resolved entitlement details
[Licensing::Module] License group:
  Id: F4-4ZE3-57FW-3TRY-TK6S-XXXX
  Product: Unity Personal
  Type: ULF
  Expiration: Unlimited
[Licensing::Module] License group:
  Id: 6872800998164-UnityPersXXXX
  Product: Unity Personal
  Type: Assigned
  Expiration: Unlimited
- Loaded All Assemblies, in 14.547 seconds
Refreshing native plugins compatible for Editor in 14.99 ms, found 4 plugins.
Native extension for WindowsStandalone target not found
[Package Manager] Failed to launch server process. Reason: Unity was launched with the -noUpm command-line argument
[Package Manager] Unable to send message (not connected to server process).
[Package Manager] Cannot connect to Unity Package Manager local server
Mono: successfully reloaded assembly
- Finished resetting the current domain, in  7.205 seconds
Domain Reload Profiling: 21855ms
	BeginReloadAssembly (4772ms)
		ExecutionOrderSort (1ms)
		DisableScriptedObjects (795ms)
		BackupInstance (0ms)
		ReleaseScriptingObjects (13ms)
		CreateAndSetChildDomain (1603ms)
	RebuildCommonClasses (288ms)
	RebuildNativeTypeToScriptingClass (70ms)
	initialDomainReloadingComplete (448ms)
	LoadAllAssembliesAndSetupDomain (9071ms)
		LoadAssemblies (7146ms)
		RebuildTransferFunctionScriptingTraits (0ms)
		AnalyzeDomain (3083ms)
			TypeCache.Refresh (137ms)
				TypeCache.ScanAssembly (0ms)
			BuildScriptInfoCaches (2739ms)
			ResolveRequiredComponents (141ms)
	FinalizeReload (7207ms)
		ReleaseScriptCaches (0ms)
		RebuildScriptCaches (0ms)
		SetupLoadedEditorAssemblies (5979ms)
			LogAssemblyErrors (0ms)
			InitializePlatformSupportModulesInManaged (16ms)
			SetLoadedEditorAssemblies (36ms)
			BeforeProcessingInitializeOnLoad (1983ms)
			ProcessInitializeOnLoadAttributes (2686ms)
			ProcessInitializeOnLoadMethodAttributes (1191ms)
			AfterProcessingInitializeOnLoad (65ms)
			EditorAssembliesLoaded (2ms)
		ExecutionOrderSort2 (0ms)
		AwakeInstancesAfterBackupRestoration (119ms)
Refreshing native plugins compatible for Editor in 16.03 ms, found 4 plugins.
Preloading 0 native plugins for Editor in 0.00 ms.
Unloading 30 Unused Serialized files (Serialized files now loaded: 0)
Unloading 6740 unused Assets / (7.6 MB). Loaded Objects now: 7611.
Memory consumption went from 152.6 MB to 145.0 MB.
Total: 75.415600 ms (FindLiveObjects: 6.995300 ms CreateObjectMapping: 3.804100 ms MarkObjects: 37.874800 ms  DeleteObjects: 26.734500 ms)

Prepare: number of updated asset objects reloaded= 0
========================================================================
Received Prepare
Refreshing native plugins compatible for Editor in 15.76 ms, found 4 plugins.
Preloading 0 native plugins for Editor in 0.00 ms.
Unloading 30 Unused Serialized files (Serialized files now loaded: 0)
Unloading 6730 unused Assets / (6.8 MB). Loaded Objects now: 7611.
Memory consumption went from 152.7 MB to 146.0 MB.
Total: 222.617400 ms (FindLiveObjects: 23.517500 ms CreateObjectMapping: 8.973400 ms MarkObjects: 177.850900 ms  DeleteObjects: 12.270100 ms)

Prepare: number of updated asset objects reloaded= 0
========================================================================
Received Prepare
Begin MonoManager ReloadAssembly
[Licensing::Client] Successfully resolved entitlement details
[Licensing::Module] License group:
  Id: F4-4ZE3-57FW-3TRY-TK6S-XXXX
  Product: Unity Personal
  Type: ULF
  Expiration: Unlimited
[Licensing::Module] License group:
  Id: 6872800998164-UnityPersXXXX
  Product: Unity Personal
  Type: Assigned
  Expiration: Unlimited
- Loaded All Assemblies, in  7.846 seconds
Refreshing native plugins compatible for Editor in 9.82 ms, found 4 plugins.
Native extension for WindowsStandalone target not found
[Package Manager] Failed to launch server process. Reason: Unity was launched with the -noUpm command-line argument
[Package Manager] Unable to send message (not connected to server process).
[Package Manager] Cannot connect to Unity Package Manager local server
Mono: successfully reloaded assembly
- Finished resetting the current domain, in  2.815 seconds
Domain Reload Profiling: 10665ms
	BeginReloadAssembly (2350ms)
		ExecutionOrderSort (1ms)
		DisableScriptedObjects (320ms)
		BackupInstance (0ms)
		ReleaseScriptingObjects (3ms)
		CreateAndSetChildDomain (927ms)
	RebuildCommonClasses (137ms)
	RebuildNativeTypeToScriptingClass (34ms)
	initialDomainReloadingComplete (142ms)
	LoadAllAssembliesAndSetupDomain (5185ms)
		LoadAssemblies (3382ms)
		RebuildTransferFunctionScriptingTraits (0ms)
		AnalyzeDomain (2448ms)
			TypeCache.Refresh (108ms)
				TypeCache.ScanAssembly (6ms)
			BuildScriptInfoCaches (1952ms)
			ResolveRequiredComponents (285ms)
	FinalizeReload (2817ms)
		ReleaseScriptCaches (0ms)
		RebuildScriptCaches (0ms)
		SetupLoadedEditorAssemblies (2289ms)
			LogAssemblyErrors (0ms)
			InitializePlatformSupportModulesInManaged (11ms)
			SetLoadedEditorAssemblies (34ms)
			BeforeProcessingInitializeOnLoad (540ms)
			ProcessInitializeOnLoadAttributes (1455ms)
			ProcessInitializeOnLoadMethodAttributes (224ms)
			AfterProcessingInitializeOnLoad (24ms)
			EditorAssembliesLoaded (1ms)
		ExecutionOrderSort2 (0ms)
		AwakeInstancesAfterBackupRestoration (52ms)
Refreshing native plugins compatible for Editor in 6.97 ms, found 4 plugins.
Preloading 0 native plugins for Editor in 0.00 ms.
Unloading 30 Unused Serialized files (Serialized files now loaded: 0)
Unloading 6740 unused Assets / (8.7 MB). Loaded Objects now: 7614.
Memory consumption went from 152.6 MB to 143.9 MB.
Total: 29.606200 ms (FindLiveObjects: 1.848600 ms CreateObjectMapping: 2.536800 ms MarkObjects: 12.083900 ms  DeleteObjects: 13.134600 ms)

Prepare: number of updated asset objects reloaded= 0
========================================================================
Received Prepare
Begin MonoManager ReloadAssembly
- Loaded All Assemblies, in  3.074 seconds
Refreshing native plugins compatible for Editor in 6.12 ms, found 4 plugins.
Native extension for WindowsStandalone target not found
[Package Manager] Failed to launch server process. Reason: Unity was launched with the -noUpm command-line argument
[Package Manager] Unable to send message (not connected to server process).
[Package Manager] Cannot connect to Unity Package Manager local server
Mono: successfully reloaded assembly
- Finished resetting the current domain, in  3.595 seconds
Domain Reload Profiling: 6624ms
	BeginReloadAssembly (720ms)
		ExecutionOrderSort (0ms)
		DisableScriptedObjects (43ms)
		BackupInstance (0ms)
		ReleaseScriptingObjects (0ms)
		CreateAndSetChildDomain (169ms)
	RebuildCommonClasses (141ms)
	RebuildNativeTypeToScriptingClass (60ms)
	initialDomainReloadingComplete (180ms)
	LoadAllAssembliesAndSetupDomain (1927ms)
		LoadAssemblies (1365ms)
		RebuildTransferFunctionScriptingTraits (0ms)
		AnalyzeDomain (868ms)
			TypeCache.Refresh (15ms)
				TypeCache.ScanAssembly (0ms)
			BuildScriptInfoCaches (784ms)
			ResolveRequiredComponents (57ms)
	FinalizeReload (3597ms)
		ReleaseScriptCaches (0ms)
		RebuildScriptCaches (0ms)
		SetupLoadedEditorAssemblies (2961ms)
			LogAssemblyErrors (0ms)
			InitializePlatformSupportModulesInManaged (7ms)
			SetLoadedEditorAssemblies (12ms)
			BeforeProcessingInitializeOnLoad (714ms)
			ProcessInitializeOnLoadAttributes (1810ms)
			ProcessInitializeOnLoadMethodAttributes (371ms)
			AfterProcessingInitializeOnLoad (47ms)
			EditorAssembliesLoaded (1ms)
		ExecutionOrderSort2 (0ms)
		AwakeInstancesAfterBackupRestoration (89ms)
Refreshing native plugins compatible for Editor in 12.78 ms, found 4 plugins.
Preloading 0 native plugins for Editor in 0.00 ms.
Unloading 30 Unused Serialized files (Serialized files now loaded: 0)
Unloading 6740 unused Assets / (7.2 MB). Loaded Objects now: 7617.
Memory consumption went from 152.7 MB to 145.5 MB.
Total: 41.661200 ms (FindLiveObjects: 2.660200 ms CreateObjectMapping: 4.675500 ms MarkObjects: 18.831200 ms  DeleteObjects: 15.491500 ms)

Prepare: number of updated asset objects reloaded= 0
========================================================================
Received Prepare
Refreshing native plugins compatible for Editor in 5.95 ms, found 4 plugins.
Preloading 0 native plugins for Editor in 0.00 ms.
Unloading 128 Unused Serialized files (Serialized files now loaded: 0)
Unloading 7256 unused Assets / (21.2 MB). Loaded Objects now: 8039.
Memory consumption went from 183.7 MB to 162.5 MB.
Total: 1247.372600 ms (FindLiveObjects: 9.349100 ms CreateObjectMapping: 2.310400 ms MarkObjects: 1203.765400 ms  DeleteObjects: 31.944800 ms)

Prepare: number of updated asset objects reloaded= 0
========================================================================
Received Prepare
Refreshing native plugins compatible for Editor in 10.45 ms, found 4 plugins.
Preloading 0 native plugins for Editor in 0.00 ms.
Unloading 128 Unused Serialized files (Serialized files now loaded: 0)
Unloading 7256 unused Assets / (22.7 MB). Loaded Objects now: 8039.
Memory consumption went from 183.7 MB to 161.0 MB.
Total: 699.940200 ms (FindLiveObjects: 12.409500 ms CreateObjectMapping: 3.530800 ms MarkObjects: 659.594800 ms  DeleteObjects: 24.399500 ms)

Prepare: number of updated asset objects reloaded= 0
